-- phpMyAdmin SQL Dump
-- version 4.8.4
-- https://www.phpmyadmin.net/
--
-- Host: 127.0.0.1
-- Generation Time: Jul 22, 2019 at 03:17 PM
-- Server version: 10.1.37-MariaDB
-- PHP Version: 7.3.0

SET SQL_MODE = "NO_AUTO_VALUE_ON_ZERO";
SET AUTOCOMMIT = 0;
START TRANSACTION;
SET time_zone = "+00:00";


/*!40101 SET @OLD_CHARACTER_SET_CLIENT=@@CHARACTER_SET_CLIENT */;
/*!40101 SET @OLD_CHARACTER_SET_RESULTS=@@CHARACTER_SET_RESULTS */;
/*!40101 SET @OLD_COLLATION_CONNECTION=@@COLLATION_CONNECTION */;
/*!40101 SET NAMES utf8mb4 */;

--
-- Database: `travel`
--

-- --------------------------------------------------------

--
-- Table structure for table `subscribers`
--

CREATE TABLE `subscribers` (
  `sid` int(11) NOT NULL,
  `uid` int(11) DEFAULT NULL,
  `vid` int(11) DEFAULT NULL
) ENGINE=InnoDB DEFAULT CHARSET=latin1;

--
-- Dumping data for table `subscribers`
--

INSERT INTO `subscribers` (`sid`, `uid`, `vid`) VALUES
(4, 24, 38),
(5, 24, 41),
(6, 1, 40),
(7, 1, 38),
(8, 24, 36),
(10, 12, 40),
(15, 12, 38),
(16, 12, 37);

-- --------------------------------------------------------

--
-- Table structure for table `users`
--

CREATE TABLE `users` (
  `id` int(11) NOT NULL,
  `user_fname` varchar(255) DEFAULT NULL,
  `user_lname` varchar(255) DEFAULT NULL,
  `user_name` varchar(255) DEFAULT NULL,
  `user_pass` varchar(255) DEFAULT NULL
) ENGINE=InnoDB DEFAULT CHARSET=latin1;

--
-- Dumping data for table `users`
--

INSERT INTO `users` (`id`, `user_fname`, `user_lname`, `user_name`, `user_pass`) VALUES
(1, 'sima', 'cohen', 'scohen', '123abc'),
(2, 'dima', 'cohen', 'dcohen', '123abc'),
(4, 'micha', 'cohen', 'mcohen', 'abc123'),
(8, 'admin', 'admin', 'admin', 'admin'),
(12, 'aaaa', 'oooo', 'login', 'login'),
(13, 'hey', 'ggg', 'login1', 'login'),
(24, 'ddddd', 'dddddddfffffff', 'dee34', '123'),
(25, 'ddddd', 'dddddddfffffff', 'dee3', '123'),
(26, 'eee', 'ddddd', 'dee', 'dee'),
(27, 'test', 'test', 'testttt', 'test'),
(28, 'more test', 'moretest', 'stuff', '123'),
(29, 'following', 'follow', 'folly', '123'),
(30, 'fleet', 'wood', 'mac', '123'),
(31, '123', '123', '123', '123');

-- --------------------------------------------------------

--
-- Table structure for table `vacations`
--

CREATE TABLE `vacations` (
  `id` int(11) NOT NULL,
  `vac_destination` varchar(16) DEFAULT NULL,
  `vac_desc` varchar(128) DEFAULT NULL,
  `vac_price` int(16) DEFAULT NULL,
  `vac_checkin` varchar(16) DEFAULT NULL,
  `vac_checkout` varchar(16) DEFAULT NULL,
  `vac_img` longtext
) ENGINE=InnoDB DEFAULT CHARSET=latin1;

--
-- Dumping data for table `vacations`
--

INSERT INTO `vacations` (`id`, `vac_destination`, `vac_desc`, `vac_price`, `vac_checkin`, `vac_checkout`, `vac_img`) VALUES
(36, 'Tuscon', 'Arizona', 1000, '2019-07-04', '2019-07-25', 'data:image/jpeg;base64,/9j/4AAQSkZJRgABAQAAAQABAAD/2wCEAAkGBwgIEAkQCBAKCgkIBwsHCAYHCBsKCggWIB0iIiAdHx8kHiggJBolJx8TITEhJSkrLi4uGR8zODMsNygtLisBCgoKDg0NDg0NFSsZHxkrKysrKy0tLSsrKysrNzcrKy0rKzcrKysrKysrKysrKysrKysrKysrKysrKysrKysrLf/AABEIAGQAZAMBIgACEQEDEQH/xAAbAAABBQEBAAAAAAAAAAAAAAAAAgMEBQYBB//EAD0QAAIBAwEGAgcGAwgDAAAAAAECAwAEERIFEyExQVEiYQYUMkJScYEjkaGxwdEzYvEHFRZjcpLS4SRDU//EABkBAAMBAQEAAAAAAAAAAAAAAAABAgMFBP/EAB4RAAICAQUBAAAAAAAAAAAAAAABAhETAxIhMUFR/9oADAMBAAIRAxEAPwCNuq4YqsvV65uK7G85FFYYqBDmrI29C29PegogLBTogqwW3pYt6WRDorhFilCM1ZerV31apyIe0rtBo0mrL1agW1GRCpleImNKEJqzW2pYtqN6HtZV7k0Va+rUUsiFtYSRWy4xLC5PuodVIKIDjIZv5PF+VZpdrC2dAwCx9WaMN99aCCSK4ibGWTSzPj3fPhXPyyR0cMWPx24k9jS3+kjV91JaNI/bKg6uEedUjfTnWduprlA24fSsftwMulmHcEc/rTVrtKQ+JcyS6dIgf2m8we9PNIWCJqbgxW4TWcl/dVSrL8wcYqHNtWCL3ZCp5SNGdP5VV27xygNvEhIbxx3OY5I/v/SnDtfZ0JC2+p5ffmi8KqceQOfripepL6UtKPwnLtU6S5gkMfSRPF+nCnU2zbYXXHcR6vZ1Q6tX3VUbQ9J51SNXR44QrYabCtJ9Dkn8Kq7n0lnOnRHbbse9MD9p+I/CpesysMTbJeQOMqs5X4vVW/ahL60bOGPBtJ1IV0msRZ+kO0JCiq0Oh9Kszwjcx/MvnFP7S2ptazKK8cdu0jM0E8ttHJvFzzBC4x50ZycCNxHNC/sa3HxJGWp93tos794oiP8A1vIGk+4ZNee28u0LtyLrLlftru5uW/hjAIx8OOmKr7q+cySNatLJvHkYNK2qTHmepqZa78KWhH09PFzat7BkYctUdu5X8q7Xlj3F45JYzZPwOcV2pzSKwwE2u1AAFulZ006d+n8Rf0I/GpdhtmfZrgwZuLOb7Mwq+rSOuOx8jVHYJLIyKmgtJ9miu4VatRYPDIipG+0dTaWj2Zlo9Xw5A4464NbTlFPgSTrk0EF/syQpHIZBLc3O7Sf2dKnlkDNM3DRWrItrG4nbVmSWbdxw8+IP05+dVVtcX5w1tbQRRq6xTxOm91EceI5n6ZqBc201wWZnaeQapHjSHTbqO3A8OflWG5mlIv8AaO1bKRZoxCscksWr+8EIu9+ygHSDxwM9j+1VEN9eRqpgiVGm8IkiGm4kAPEjtzxkf1mz2U7Ipgf1dA2q6jic/Y8Mjl0xw86an2jLKY47eQ3EkfhjubvG7hXqE1DPHlUtgisne4mYKSsZl8JgdiuknnnUeFNsIrZhqCysviOk7xWrVXmyr+TW9xFDJnd4jZxHJBkZzxAHHlxzypI2Mgjd7mERaG0uzAqsZ7kjhg98Uux9FPYWLbQJVJbWBplWRI7uQLqx0z0PlVvdpcWkKW+0vVbpLR2mttzc/wDkwhuJHDOQc541VTWQDIojMbfxEkST2h3z25VLslhcfZy+r3I1b5rjw8OWAevLlinQWSZrVdsFW2cw0xWyx/3fcuPWVwMcvezw4j5VHXZklvrMySRSL4Yl0HTJnz6YrQWfotLdpGZUMd0NOZU/g3Cgnj2B5fOnoLjaVso9TeU20bLI9zejeR8DjCg8OX9aKCyutrNio3jJC3/zkjGojoeXbFFWf+NLUljPYb2QnxTqRpk8xw5UUWgpmevf7P723LSbCuYpYfZEc0m7b5dqh3Xo36Xxh96gdW8RW2mVVb6CliCHS6yesFGbeJFDeGOOFviC8qvhs/0gkihikK3diVVjJb3m6uWHPxZ4duGTW89KUe0YxmpdGGgudpWMkiuk0bhVkntnGqNgOGSORrW7BtrXa7TaZIrWSZI1mjLtBIx7joeHSkv6CPPvGdpIjvdMeqEcvPifwq62T6L3totnoFrpsWaQM5beTk9+FQo32W2U+1vR7aJk3OzrSSSC2l8V650rcn5npx71Ll9ENpBRI6wRhImka2WQSNGRjHE5H7VrRLfQLcPME3cCSSvHFMZOAGeAwKxM/wDaJtIltxa7yMOuVJaXh0GRScUmNMRLYbVtfWJNo+pYkRVjjliLTc+fAYzjl051ptnLsplRJXAeO1VjYXdy0dtIDg5APAjJx5Vm7X0t2ptIlNo2peyZftmhhKzQceYPf/ut3s/ZVlGq4EkynTJH685laHh0B5UqbfXBSarjsqZ7C8GPVbWCaMoscSxXeqHTkccE8D9egq02Z6L2qeK9WKQ6tUdosY3cHHvzP5VNLXMbpuDCLfSuuN0O8zk5xxx26VInZ5FAUtGGbSWQ6Wx5UttchfhN8I5YUezVJ6T3GzbGFTeJqVpdKQxLp1E8Tn96dWwd1aOSSeWNtSyRyvq1duPP8arf8NBnyzukI8O7Rt40nAY4EYH0zRy/B8fTInZ/rJd7QLuJJWaJdYwozy5VytrJ6KbKlwXjkdsY1mZuP40UbWTZi7jYV9H7okA96J6RbXe0dncBvFj1eKKVDpb9vpW5MQPOkNDnlyr25rVSVnnxVymVdveS7QiJh3aMVaN1Z9LRmnLaPaUYw7yFf8mYNw+RH61L3RU5UID8WnS1OAv2rJteFU/Ry1EgBDmSRWXitwA3THMH96SuzLAasQxJq5qiaV/Cuq7DowFLWQe9mpLO7OsLKxDLbII0ZtTqxMmr76nIU6YH+laiLIvl99KEinmQKKHZOUIaV4BywKgNIg58q4J1OOINKh2WAZemBStY6kVFjQtzGO1d3ZHalQWSNY8qKinWO1FFBZDDEigqflRqAzSc9/rpqiRQNKBFN9+9Olc/8qAOqqnvSt0vWhBjFLYg8KAEiJD3/wB1G5TtQDjnxA96las8qBnBEv0/maloET2QoPyoGfMfWgZ48uHekA6H+VdwTzptcntn2umql5fs2P5aAOiHPxUUCQddYPYoaKXIFY3DGM9qBRRVCOrTkag5BzjtXaKAHW5dKjliueviXnRRQgHhxGeurpSBwIxyxiiigBxhgNz5MedcyfCMnHbNFFAHVJ409C+faCnxcytFFJjQ4HX4E+mf3oooqRn/2Q=='),
(37, 'liverpool', 'England', 2000, '2018-06-13', '2019-06-13', 'data:image/jpeg;base64,/9j/4AAQSkZJRgABAQAAAQABAAD/2wCEAAkGBwgIEAkQCBAKCgkIBwsHCAYHCBsKCggWIB0iIiAdHx8kHiggJBolJx8TITEhJSkrLi4uGR8zODMsNygtLisBCgoKDg0NDg0NFSsZHxkrKysrKy0tLSsrKysrNzcrKy0rKzcrKysrKysrKysrKysrKysrKysrKysrKysrKysrLf/AABEIAGQAZAMBIgACEQEDEQH/xAAbAAABBQEBAAAAAAAAAAAAAAAAAgMEBQYBB//EAD0QAAIBAwEGAgcGAwgDAAAAAAECAwAEERIFEyExQVEiYQYUMkJScYEjkaGxwdEzYvEHFRZjcpLS4SRDU//EABkBAAMBAQEAAAAAAAAAAAAAAAABAgMFBP/EAB4RAAICAQUBAAAAAAAAAAAAAAABAhETAxIhMUFR/9oADAMBAAIRAxEAPwCNuq4YqsvV65uK7G85FFYYqBDmrI29C29PegogLBTogqwW3pYt6WRDorhFilCM1ZerV31apyIe0rtBo0mrL1agW1GRCpleImNKEJqzW2pYtqN6HtZV7k0Va+rUUsiFtYSRWy4xLC5PuodVIKIDjIZv5PF+VZpdrC2dAwCx9WaMN99aCCSK4ibGWTSzPj3fPhXPyyR0cMWPx24k9jS3+kjV91JaNI/bKg6uEedUjfTnWduprlA24fSsftwMulmHcEc/rTVrtKQ+JcyS6dIgf2m8we9PNIWCJqbgxW4TWcl/dVSrL8wcYqHNtWCL3ZCp5SNGdP5VV27xygNvEhIbxx3OY5I/v/SnDtfZ0JC2+p5ffmi8KqceQOfripepL6UtKPwnLtU6S5gkMfSRPF+nCnU2zbYXXHcR6vZ1Q6tX3VUbQ9J51SNXR44QrYabCtJ9Dkn8Kq7n0lnOnRHbbse9MD9p+I/CpesysMTbJeQOMqs5X4vVW/ahL60bOGPBtJ1IV0msRZ+kO0JCiq0Oh9Kszwjcx/MvnFP7S2ptazKK8cdu0jM0E8ttHJvFzzBC4x50ZycCNxHNC/sa3HxJGWp93tos794oiP8A1vIGk+4ZNee28u0LtyLrLlftru5uW/hjAIx8OOmKr7q+cySNatLJvHkYNK2qTHmepqZa78KWhH09PFzat7BkYctUdu5X8q7Xlj3F45JYzZPwOcV2pzSKwwE2u1AAFulZ006d+n8Rf0I/GpdhtmfZrgwZuLOb7Mwq+rSOuOx8jVHYJLIyKmgtJ9miu4VatRYPDIipG+0dTaWj2Zlo9Xw5A4464NbTlFPgSTrk0EF/syQpHIZBLc3O7Sf2dKnlkDNM3DRWrItrG4nbVmSWbdxw8+IP05+dVVtcX5w1tbQRRq6xTxOm91EceI5n6ZqBc201wWZnaeQapHjSHTbqO3A8OflWG5mlIv8AaO1bKRZoxCscksWr+8EIu9+ygHSDxwM9j+1VEN9eRqpgiVGm8IkiGm4kAPEjtzxkf1mz2U7Ipgf1dA2q6jic/Y8Mjl0xw86an2jLKY47eQ3EkfhjubvG7hXqE1DPHlUtgisne4mYKSsZl8JgdiuknnnUeFNsIrZhqCysviOk7xWrVXmyr+TW9xFDJnd4jZxHJBkZzxAHHlxzypI2Mgjd7mERaG0uzAqsZ7kjhg98Uux9FPYWLbQJVJbWBplWRI7uQLqx0z0PlVvdpcWkKW+0vVbpLR2mttzc/wDkwhuJHDOQc541VTWQDIojMbfxEkST2h3z25VLslhcfZy+r3I1b5rjw8OWAevLlinQWSZrVdsFW2cw0xWyx/3fcuPWVwMcvezw4j5VHXZklvrMySRSL4Yl0HTJnz6YrQWfotLdpGZUMd0NOZU/g3Cgnj2B5fOnoLjaVso9TeU20bLI9zejeR8DjCg8OX9aKCyutrNio3jJC3/zkjGojoeXbFFWf+NLUljPYb2QnxTqRpk8xw5UUWgpmevf7P723LSbCuYpYfZEc0m7b5dqh3Xo36Xxh96gdW8RW2mVVb6CliCHS6yesFGbeJFDeGOOFviC8qvhs/0gkihikK3diVVjJb3m6uWHPxZ4duGTW89KUe0YxmpdGGgudpWMkiuk0bhVkntnGqNgOGSORrW7BtrXa7TaZIrWSZI1mjLtBIx7joeHSkv6CPPvGdpIjvdMeqEcvPifwq62T6L3totnoFrpsWaQM5beTk9+FQo32W2U+1vR7aJk3OzrSSSC2l8V650rcn5npx71Ll9ENpBRI6wRhImka2WQSNGRjHE5H7VrRLfQLcPME3cCSSvHFMZOAGeAwKxM/wDaJtIltxa7yMOuVJaXh0GRScUmNMRLYbVtfWJNo+pYkRVjjliLTc+fAYzjl051ptnLsplRJXAeO1VjYXdy0dtIDg5APAjJx5Vm7X0t2ptIlNo2peyZftmhhKzQceYPf/ut3s/ZVlGq4EkynTJH685laHh0B5UqbfXBSarjsqZ7C8GPVbWCaMoscSxXeqHTkccE8D9egq02Z6L2qeK9WKQ6tUdosY3cHHvzP5VNLXMbpuDCLfSuuN0O8zk5xxx26VInZ5FAUtGGbSWQ6Wx5UttchfhN8I5YUezVJ6T3GzbGFTeJqVpdKQxLp1E8Tn96dWwd1aOSSeWNtSyRyvq1duPP8arf8NBnyzukI8O7Rt40nAY4EYH0zRy/B8fTInZ/rJd7QLuJJWaJdYwozy5VytrJ6KbKlwXjkdsY1mZuP40UbWTZi7jYV9H7okA96J6RbXe0dncBvFj1eKKVDpb9vpW5MQPOkNDnlyr25rVSVnnxVymVdveS7QiJh3aMVaN1Z9LRmnLaPaUYw7yFf8mYNw+RH61L3RU5UID8WnS1OAv2rJteFU/Ry1EgBDmSRWXitwA3THMH96SuzLAasQxJq5qiaV/Cuq7DowFLWQe9mpLO7OsLKxDLbII0ZtTqxMmr76nIU6YH+laiLIvl99KEinmQKKHZOUIaV4BywKgNIg58q4J1OOINKh2WAZemBStY6kVFjQtzGO1d3ZHalQWSNY8qKinWO1FFBZDDEigqflRqAzSc9/rpqiRQNKBFN9+9Olc/8qAOqqnvSt0vWhBjFLYg8KAEiJD3/wB1G5TtQDjnxA96las8qBnBEv0/maloET2QoPyoGfMfWgZ48uHekA6H+VdwTzptcntn2umql5fs2P5aAOiHPxUUCQddYPYoaKXIFY3DGM9qBRRVCOrTkag5BzjtXaKAHW5dKjliueviXnRRQgHhxGeurpSBwIxyxiiigBxhgNz5MedcyfCMnHbNFFAHVJ409C+faCnxcytFFJjQ4HX4E+mf3oooqRn/2Q=='),
(38, 'Isle of Wight', 'when 64', 345, '2019-07-10', '2019-07-31', 'data:image/jpeg;base64,/9j/4AAQSkZJRgABAQAAAQABAAD/2wCEAAkGBwgIEAkQCBAKCgkIBwsHCAYHCBsKCggWIB0iIiAdHx8kHiggJBolJx8TITEhJSkrLi4uGR8zODMsNygtLisBCgoKDg0NDg0NFSsZHxkrKysrKy0tLSsrKysrNzcrKy0rKzcrKysrKysrKysrKysrKysrKysrKysrKysrKysrLf/AABEIAGQAZAMBIgACEQEDEQH/xAAbAAABBQEBAAAAAAAAAAAAAAAAAgMEBQYBB//EAD0QAAIBAwEGAgcGAwgDAAAAAAECAwAEERIFEyExQVEiYQYUMkJScYEjkaGxwdEzYvEHFRZjcpLS4SRDU//EABkBAAMBAQEAAAAAAAAAAAAAAAABAgMFBP/EAB4RAAICAQUBAAAAAAAAAAAAAAABAhETAxIhMUFR/9oADAMBAAIRAxEAPwCNuq4YqsvV65uK7G85FFYYqBDmrI29C29PegogLBTogqwW3pYt6WRDorhFilCM1ZerV31apyIe0rtBo0mrL1agW1GRCpleImNKEJqzW2pYtqN6HtZV7k0Va+rUUsiFtYSRWy4xLC5PuodVIKIDjIZv5PF+VZpdrC2dAwCx9WaMN99aCCSK4ibGWTSzPj3fPhXPyyR0cMWPx24k9jS3+kjV91JaNI/bKg6uEedUjfTnWduprlA24fSsftwMulmHcEc/rTVrtKQ+JcyS6dIgf2m8we9PNIWCJqbgxW4TWcl/dVSrL8wcYqHNtWCL3ZCp5SNGdP5VV27xygNvEhIbxx3OY5I/v/SnDtfZ0JC2+p5ffmi8KqceQOfripepL6UtKPwnLtU6S5gkMfSRPF+nCnU2zbYXXHcR6vZ1Q6tX3VUbQ9J51SNXR44QrYabCtJ9Dkn8Kq7n0lnOnRHbbse9MD9p+I/CpesysMTbJeQOMqs5X4vVW/ahL60bOGPBtJ1IV0msRZ+kO0JCiq0Oh9Kszwjcx/MvnFP7S2ptazKK8cdu0jM0E8ttHJvFzzBC4x50ZycCNxHNC/sa3HxJGWp93tos794oiP8A1vIGk+4ZNee28u0LtyLrLlftru5uW/hjAIx8OOmKr7q+cySNatLJvHkYNK2qTHmepqZa78KWhH09PFzat7BkYctUdu5X8q7Xlj3F45JYzZPwOcV2pzSKwwE2u1AAFulZ006d+n8Rf0I/GpdhtmfZrgwZuLOb7Mwq+rSOuOx8jVHYJLIyKmgtJ9miu4VatRYPDIipG+0dTaWj2Zlo9Xw5A4464NbTlFPgSTrk0EF/syQpHIZBLc3O7Sf2dKnlkDNM3DRWrItrG4nbVmSWbdxw8+IP05+dVVtcX5w1tbQRRq6xTxOm91EceI5n6ZqBc201wWZnaeQapHjSHTbqO3A8OflWG5mlIv8AaO1bKRZoxCscksWr+8EIu9+ygHSDxwM9j+1VEN9eRqpgiVGm8IkiGm4kAPEjtzxkf1mz2U7Ipgf1dA2q6jic/Y8Mjl0xw86an2jLKY47eQ3EkfhjubvG7hXqE1DPHlUtgisne4mYKSsZl8JgdiuknnnUeFNsIrZhqCysviOk7xWrVXmyr+TW9xFDJnd4jZxHJBkZzxAHHlxzypI2Mgjd7mERaG0uzAqsZ7kjhg98Uux9FPYWLbQJVJbWBplWRI7uQLqx0z0PlVvdpcWkKW+0vVbpLR2mttzc/wDkwhuJHDOQc541VTWQDIojMbfxEkST2h3z25VLslhcfZy+r3I1b5rjw8OWAevLlinQWSZrVdsFW2cw0xWyx/3fcuPWVwMcvezw4j5VHXZklvrMySRSL4Yl0HTJnz6YrQWfotLdpGZUMd0NOZU/g3Cgnj2B5fOnoLjaVso9TeU20bLI9zejeR8DjCg8OX9aKCyutrNio3jJC3/zkjGojoeXbFFWf+NLUljPYb2QnxTqRpk8xw5UUWgpmevf7P723LSbCuYpYfZEc0m7b5dqh3Xo36Xxh96gdW8RW2mVVb6CliCHS6yesFGbeJFDeGOOFviC8qvhs/0gkihikK3diVVjJb3m6uWHPxZ4duGTW89KUe0YxmpdGGgudpWMkiuk0bhVkntnGqNgOGSORrW7BtrXa7TaZIrWSZI1mjLtBIx7joeHSkv6CPPvGdpIjvdMeqEcvPifwq62T6L3totnoFrpsWaQM5beTk9+FQo32W2U+1vR7aJk3OzrSSSC2l8V650rcn5npx71Ll9ENpBRI6wRhImka2WQSNGRjHE5H7VrRLfQLcPME3cCSSvHFMZOAGeAwKxM/wDaJtIltxa7yMOuVJaXh0GRScUmNMRLYbVtfWJNo+pYkRVjjliLTc+fAYzjl051ptnLsplRJXAeO1VjYXdy0dtIDg5APAjJx5Vm7X0t2ptIlNo2peyZftmhhKzQceYPf/ut3s/ZVlGq4EkynTJH685laHh0B5UqbfXBSarjsqZ7C8GPVbWCaMoscSxXeqHTkccE8D9egq02Z6L2qeK9WKQ6tUdosY3cHHvzP5VNLXMbpuDCLfSuuN0O8zk5xxx26VInZ5FAUtGGbSWQ6Wx5UttchfhN8I5YUezVJ6T3GzbGFTeJqVpdKQxLp1E8Tn96dWwd1aOSSeWNtSyRyvq1duPP8arf8NBnyzukI8O7Rt40nAY4EYH0zRy/B8fTInZ/rJd7QLuJJWaJdYwozy5VytrJ6KbKlwXjkdsY1mZuP40UbWTZi7jYV9H7okA96J6RbXe0dncBvFj1eKKVDpb9vpW5MQPOkNDnlyr25rVSVnnxVymVdveS7QiJh3aMVaN1Z9LRmnLaPaUYw7yFf8mYNw+RH61L3RU5UID8WnS1OAv2rJteFU/Ry1EgBDmSRWXitwA3THMH96SuzLAasQxJq5qiaV/Cuq7DowFLWQe9mpLO7OsLKxDLbII0ZtTqxMmr76nIU6YH+laiLIvl99KEinmQKKHZOUIaV4BywKgNIg58q4J1OOINKh2WAZemBStY6kVFjQtzGO1d3ZHalQWSNY8qKinWO1FFBZDDEigqflRqAzSc9/rpqiRQNKBFN9+9Olc/8qAOqqnvSt0vWhBjFLYg8KAEiJD3/wB1G5TtQDjnxA96las8qBnBEv0/maloET2QoPyoGfMfWgZ48uHekA6H+VdwTzptcntn2umql5fs2P5aAOiHPxUUCQddYPYoaKXIFY3DGM9qBRRVCOrTkag5BzjtXaKAHW5dKjliueviXnRRQgHhxGeurpSBwIxyxiiigBxhgNz5MedcyfCMnHbNFFAHVJ409C+faCnxcytFFJjQ4HX4E+mf3oooqRn/2Q==');
INSERT INTO `vacations` (`id`, `vac_destination`, `vac_desc`, `vac_price`, `vac_checkin`, `vac_checkout`, `vac_img`) VALUES
(39, 'USSR beatles', 'Back in the USSR', 900, '2019-07-05', '2019-07-30', 'data:image/png;base64,iVBORw0KGgoAAAANSUhEUgAAAhEAAAJBCAIAAAB3cnCyAAAAAXNSR0IArs4c6QAAAARnQU1BAACxjwv8YQUAAAAJcEhZcwAAEsMAABLDAXItBMoAAP+lSURBVHhe7P1fzHbddtaH9aztSSphbBq1qZQqkRCmgkD2toN61kpNlECCDckRHLQlpoli01Iw/gNkY28DsTHgIGyDUwwibKTYaRIw7CCBsGmiYojaBCttZbtScNQkTkiCqgbUHri/e/3Wc73jHXOuea/neb/9eW/veWloaIxrXGPMea+17rm++3224b+1sbGxsbGxsbGxsbGxsbGxsbGxsbGxsbGxsbGxsbGxsbGxsbGxsbGxsbGxsbGxsbGxsbGxsbGxsbGxsbGxsbGxsbGxsbGxsbGxsbGxsbGxsbGxsbGxsbGxsbGxsbGxsbGxsbGxsbGxsbGxsbGxsbGxsbGxsbGxsbGxsbGxsbGxsbGxsbGxsbGxsbGxsbGxsbGxsbGxsbGxsbGxsbGxsbGxsbGxsbGxsbGxsbGxsbGxsbGxsbGxsbGxsbGxsbGxsbGxsbGxsbGxsbGxsbGxsbGxsbGxsbGxsbGxsbGxsbGxsbGxsbGxsbGxsbGxsbGxsbGxsbGxsbGxsbGxsbGxsbGxsbGxsbGxsbGxsbGxsbGxsbGxsbGxsbGxsbGxsbGxsbGxsbGxsbGxsbGxsbGxsbGxsbGxsbGxsbGxsbGxsbGxsbGxsbGxsbGxsbGxsbGxsbGxsbGxsbGxsbGxsbGxsbGxsbGxsbGxsbGxsbGxsbGxsbGxsbGxsbGxsbGxsbGxsbGxsbGxsbGxsbGxsbGxsbGxsbGxsbGxsbGxsbGxsbGxsbGxsbGxsbGxsbGxsbGxsbGxsbGxsbGxsbGxsbGxsbGxsbGxsbGxsbGxsbGxsbGxsbGxsbHxxYUv39jY2Nj48i8/z8SNNbhSX/qlX/plX/ZlP//n/3w8sSD9ki/5EryxgAFh7AIw8EnBVCMaaeDYOgGQwhsfrQ+xQZCq4l/wC36BfIXDQRUbGOOjAT/v5/28WiXGZzKpuzIFmVCHIFBj1TlH5SwFTstCeNaSn4olH4sdIHYJAjwMXjhNODPbwKMkrRNqy2P0y1p4YkpWI8M/esqnk9HLgIwyrhOMDcAhedcYyDQBt6mmfECHu5Y3kVXqI+HGFNiVDSsmFs5Rgxcw6QV2ARj4pGCqEY00cGydAEjhjY/Wh9ggSFVx/bCBw0EVGxjjowFftM//eSZurME7g0smvJSPi318A7mOXlN5L65VIGMQ76UXxJAggfCJDFDGqzy6H/CmNo3BuBlQxcIdhiFAU7cdgQeQZHZ4VN59EBdtAQIClZLGdMnYnhZAXLdqCR8+550lQOCXNoEg1SsDxnjanaZAkGZsjgZLBCGFMng1kqDy2Ywlg6SA5erMCBJkk0Hm4+klUCNJrKYp9VOlqQyxvcYED/UB44duP/8Hjsq7D+KiLUBAoFLSmC4Z29MCiOtWLeHDuwFiS4DgY3j+zzNxYw1/Z3gbuIIEXj48qchlpUrqRYcEVaCXQRPycevef24ggTGo3yI0rgKUOQT4WDsZKCaIN1CWCQbAKu0IjOUzEJhmA27blqRAsUOApczHO+EoPqpZDp+Zxg/FSwmgJAZ1h3WyjKk83hifAA17TiojIsATSxIzCpga54LDqEx61B/ikccLSqQKIgtvSabuxJKMsbAaJYFkrU4DkfkJALye+2VM4LpNRgq8rXVvVaCXcXuSxAAyVUhgDHy6BJo8fsocAnI7TBUTxBsoywQDYJV2BMbyGQhMswG3bUtSoNghwFLm451wFB/VLIfPTOOH4qUEUBKDusM6WcZUHm+MT4CGPSeVERHgiSWJGXWeiRtr+DuD6wW8fMLLKl+vuMi1VmAgSVD1VjPt4M4Un96DfgSilhTny0xaV8fL+00wxlsVkjSKtIDHlGMnQNKqMmN8FQNjNAR2VZmjFDzUL3qrlkICPlpKiWuvMHVRkWpmAmJJIFNjx9a0MQRhUtUDF9JHCQhI4R8NL/eOAO9xI9QAAuCHlY/sqLwDDHq9DGNlrOJJXVRPCjJQ0qpnmaQBvN4gUCAfccB8AwUGkgRVbzXTDu5M8ek96Ecgaknxfv5NXVSkmpmAWBLI1NixNa3MeSZurME7I1eZx44raOx1pGTVK4s3DT/CCfVOEEsSi/QSVx5QQnyMf0DGErxBEAFDHuqyJfgWuAeHS+KdmRW9Aqniqxgv1BNAKtDniZeRlAHENBJ4cskclXclPCClN6lzQhoHqT4Gvb+0MaReRpjGVxz1B1zdOHwYAOnR7HKkBAqMqRKAh/plCHzFscgDCmQO+alPUPkgJCCGSYxXk1VMgRpwbOFxccB+/r/In//zTNxYg3eGN0mcF++4W41psYfFcU/P74MeeIcCGDS5bcRqWmO6DKKvoKUeQ/FOOyTnwyfgJQkAjIKQivE8x/hogjB4YazYOMyj/LIEGHlTERkID6nMACZfYz0lt2RgLI/3prSUmF48QA+TLoJ8gQPTOqpec0GcmUBGOBOfbRMLqqR+IsXHsEcvVcXyOX0SADUGgEA9pCVSmfB4UT8CHoH6xOKQPBDyzN+fRuz1QQZk9MC9BTBoJI3VtMZ0GURfQUv7IHqnHZLzQwl4SQIAoyCkYvx+/sF5Jm6s4d8zQL0lBEAGhPTSh9RTgvc2GANKicHR8RBzh4C9Pv3ywhhPi4y9Dk+VCTJWH7pjcpUlwIPsARADxLTUPUhetcgT0GXgBGJLpMaibgafwLEPRemSwbuQnr0xn8BRCZwQhAcn9T4seX1Mjf0IpJKpPnoK3Ix8lq69kqReDaAeEFMFxpLA+CF9CfDKTHNfjF1LwJi6YbywSgBJMHqBgIVy4wJIGScAGRAyH0RS70B8YkApMTg6HmLWBfbu55/ALhm8C+k//uf/PBM31vCdUW+kNyy3AXDzapUY7+0EpLkZIhPqEARqrDrnqPQ77bQshPfRdBpBRcjHYgeIXYIAD4MXThPOzDbwKEnrhNryGP2yFp6YktXI8I+e8ulk9DIgo4zrBGMDcEjeNQYyTeD3P2m+JK7lTWSV3DjgxhTYla2aAoeYJoB0oKkg9qoS166aVoEfmZiAVBIfAQGrRGYLSFUeGAPmqxGm8OjrKLCI8e5E+EmNVeJzGUndjCnIhDoEgRqrzjkq7zYvnJaF8F40pxFUhHwsdoDYJQjwMHjhNOHMbAOPkrROqC2P0S9r4YkpWY0M/+gpn05GLwMyyrhOMDYAh+RdYyDTBNymmvIBHe5a3kRWyY0DbkwB1fNM3Fgjf8/IhTaG9IIKY+9rGO+BYkmgAF4ywzPBQBlVAzygFG81YpkWO1yNgAFVTLV+5x/NL8MJXEsogMef1AHTo9gB7+p21QDYlSVCgqZXU5UGuR2W/CCALny6nGOq3pny+KQNzhlBCU8LcFHnuApQIG9KIIhN4fFowtgCwqPJV905wF4ETpAkBgZ42/FpF16xKOtwSQR+Iknmu4TMfv7h8Sd1wPQodsC7ul01AHZliZCg6dVUpcHH/PyfZ+LGGv7O4HrlIupzA4DB46K+gBSBYlPADfYe2Bt+yoDcsDCBzKF9T+wRUKfh225VErAfeFpSxQvjh/oI2peqbQzPhAxxD1XjBpThcx2yE0syprVdb2/jMzaNlsYA78ZM0+hmjClZxbtQSqlmAwmsIgsg9cD5Qp5tgNql0kBPqerxpOoNKBkIeDykMEVAQJoWSQYeqvOpgwEEbNX0UXvZSQI8oKq3VzKagLRu4CHaz/8hw+c6ZCeWZExru97exmdsGi2NAd6NmabRzRhTsop3oZSsnmfixhq8M7yOXD6vnTGkPDAGPoWBKTz6+miCxJSAZKoAAS1MIK5dpsAugjoWkFKSeegKIjB1Wp151N/7dFRBBgYRJMinADA1BWoEJWF8DDirrGWMjwDIG1gVYXKhTDMHwSE8QSpZNVxnGVNAySqelGrubBsIEOgb7A1Io0/qQBmrANJqSAJk4tCeK5oSW7IrsQLwaHi5RMAScIgteNPoTRPAP7b1MvaQvxOIXCVhCo9+P/9n9PKRgfEx4KyyljE+AiBvYFWEyYUyzRwEh/AEqWTV3H/+zzNxY438PQOfh9hLnMDrG4QHJ/U+LDEKmakxc2yUTPXRU+Bm5LN07ZUkZexRPFcExFSBsSQwfkhfArwyUz67gbFrCRhTN4wXVgkgCUYvELCQWz2pA6THTh97SBXP6pZI9SLtR9P5AUHdAHw2dhTfLQGvEigAxCGR1RQgyBUG6hPgnSyI2fljsZe9SeqPxR8grTOBnzctFTD2GldvQKkuJyMqn5RAxhTUlJ2wNwJkj9pLQBVZEB6c1PuwxKgsZ8wcGyVTffQU1L1l6dorSZorqR4QUwXGksD4IX0J8MpM+ewGxq4lYEzdMF5YJYAkGL1AwEJu9aQOkB47fewhVbzPg7xepP1oOj8gqBuAz8aO4rsl4FUCBYA4JLLzTNxYI78z4rl2xoJrGibewMv9EB2Qr2KBrAoI0EiaRpAH1/iQn/MdC1y0BQgIVEoa0yVje1oAcd2qJXz4PLuWAAEPN/oEglSvDBjjaXeaAkGasa6SKkFIoQxejSSofDZjySApYLk6M4IE2WSQ+Xh6CdRIEqtpSv1UaSpDbK+xvIFKqwTGeNKID/rsAgqEy+HrHI8kqzDOSUqAJt4qsYieON4gvUK+ioV7CEPgujL4CLzOkrlfR+X87MBFW4CAQKWkMV0ytqcFENetWsKHdwPElgDBz+3n/zwTN9bgncH14qp5w0RuJPBq4uuNqTcMZEIdgkCNVecclXf3UjgtC+H9kjuNoCLkY7EDxC5BgIfBC6cJZ2YbeJSkdUJteYx+WQtPTMlqZPhHT/l0MnoZkFHGdYKxATgk7xoDmSbgNtWUD+hw1/ImskpuHHBjCuzKVk2BQ0wTQOZbd6geIPaqEteumlaBH5mYgFQSHwEBq0RmC0hVHhgD5qsRpvDo6yiQmBKQhIGXlAF+UmO78LmMpIgjAJlQhyBQY9U5R+Xd5oXTshDei+Y0goqQj8UOELsEAR4GL5wmnJlt4FGS1gm15TH6ZS08MSWrkeEfPeXTyehlQEYZ1wnGBuCQvGsMZJqA21RTPqDDXcubyCq5ccCNKbArWwXnmbixhr8zQK6jgbEX1Lsr02TeJwJQG/VpDymIfYLP/IXhNjOEWJy1owrPnHb7oznkjxgy22jINjJKpSsekvfmqAcKmsydhAEtThcpowiqV6yvTEi8sKRHCXLpiPUGgjirkNpryS69IBbRgEyDN/XLKR8S3yaDLKoPUgrkIdNSEYYAQf04MlbhAUG9HY+JZaYBsjBAAbA9TC0R26VGpsnyFIHaqE97SEGcmyhk9vMfEi8s6VGCXDpivYEgziqk9lqySy+IhZrzTNxYg3fGf/t/+fX/3f/1N/x3/le/Da8RX1mr0tv8wlqvafWVrzZqNJiR1PKhRruaNtqoJL7TGLsSv2rIaLa3IY1cXIFqV5qnvW25ainVaks/ZpuuLpMLpWaUVWvV+uTrF9Z6TauvfLVRo8GMpLa4+1fTRhuVxHcaY1fiVw0ZzfY2pJGLK1Ctas4zcWMN3hm5dtNLXO9ByNjT70mzp3cRwXrmeoK9VbPWr5X35zS7I1bTlElbNWkL3ma1fTrnanjjTdejRpvKbvY2W3TV0p3haKaykPv5T/zU7ojVNGXSVk3agrdZba9zzjNxYw3fGe0GrNM7RgvWnn7JxtQ0dsVXq/Or3rgxI4mN26u+Dp+SBtM0ll7jyid+rTlTq2SNaypT02qKI6jKBd+YN5tLtFFc5MpMF2r3LhbxtGs05zTxOr1jtGBtk5KNqWnsiq9W51e9cWNGEhu3V30dPiUNpmksvcaVT/xac6ZWyRrXVKam1RQrOM/EjTXyO0PjmajXt17QZlOymo/XVXuzqkl8p7EZLe2bELs/tgqM8Vr4pzaKK1OnNaUlyTGOTIPJLRuro7WLk3TRe1Wqo6bX/OnM6mOk+USjhR+DqbUqqcxVV1ta/VR8NSHmNblqb1Y1ie80NqNlei+w+2OrwBivhX9qo7gydVpTWpIc48g0mNyysTpauzhJ7T3PxI012jtjcd3rjWky0ty50cKPwdRalVRm7GpPwFQ2dj1lSKdDpsslqC2tXWZxiW7a1RLGa6bayEd/1YJF05i1rTVU21Wtdmf+2p5OaIKF3lL1MdL9/NeW1i7z+f/8n2fixhrTv2cY4H1Kwo82tpiOVgUL2WhNXNNMS4DPoxk+VmWVaTb91FMldsXfsbH36SofstyVMfPm2Cq7ank6ahSEWZQ+0K6e5Lp0jfX7+Y9NldgVf8fG3qerfMhyV8ZMx55n4sYavDO8XvVmtBvT0inTLIJ171VsOlavyPhYS2NT8RssE9aj7i9XNcTrFr/VsSvx0yNPa9Oa0b5ejjSMQVqastrYYjpaFSxkozVxTTNNm1av0inTLIJ171VsOlavyPhYS2NT8RssE9aj7i9XNcTrls/R83+eiRtrXP3bVLsr2tXVlx+rN+/ZKJi2hFxUp5rpZ8HQaI1fW9UnbkOuVsTG5V61gTviK03dVdvhq/YQS9e0/Wqm/PTZWA8cDdlUGXJ6I+7cnanmalfyY3X6GUcbBdOWkIvqVHP1edFojV9b1SduQ+5c4QWzsDviK03dVduhLeeZuLHG9J2hz2Vt9+Dqltwxehn7qoG1OjZe9YafatbVtd3UN9lrV2lm+2LIWhC+yeotvuq9Y7W3LdHGkjammYKnsmZTcSPvDFSj38//1G7qm+y1qzSzfTFkLQjfZO35P8/EjTWufmck+KjMgZ/r+YkX8+seamxwZQpGmUwOArwWwWit6oNb/cJar2n1la82ajSYkdTyoUa7mjbaqCS+0xi7Er9qyGi2tyFJP3D4aG25z9H8xIv5dQ81NrgyBaNM5ufG83+eiRtr+M64usQ1HRl8u8fRGNSW1i6TR+3NdrWE8ZqpNvLRX7Vg0TRmbWsN1cU35878tT2dcP8jjMowBtPHo2li6/SO0YKNiz6d/JS5GrKf//jKrG2tofqz9fyfZ+LGGu13xmhe4vFCy+Shx2sRjNaqPhnVL6z1mlZf+WqjRoMZSS0farSraaONSuI7jbEr8auGjGZ7G9LIxRWodqV52tuWq5ZSrbb047Tsp5JhcqHwWgSjtWp98vULa72m1Ve+2qjRYEZSW9z9q2mjjUriO42xK/Grhoxmextiep6JG2vknTG9iGtDs5BNS5LVY+MzSto0o6U0KlvXOGRkmkWw7r2KTcfqFRkfa2lsKn6DZcJ61P3lqoZ43dKOyCuxsqerrw9c2u8s18ini2JoFrLFKtVj+/mPj7U0NhW/wTKhjjrPxI01eGeMtyHfsXpla2xQTXJawmy/qjZ7KhsFdxit8sRJja+qi1Mpmtobm1anylhTmuLrHtqE1pLAuPpX2bqljh1PPe0Ni2K1q67y1MbG+2Rl9vPfql8kz/95Jm6sMf23qXrdQ8aurr68t7Zp1gNHQzZVhpw+xIsne2pPN4NgPXM9YbwUa/1aeX9OsztiNU2ZtFWTtuBtVtunc66GN950PWq0qWw95Gqy/H7+Y19wz/95Jm6scfX3jHahSV/7BHzkdrUcvKWn+1lMaEy1sQqjNR6T1I/ft7Gl6ptNydEWMkq1ulhlMWRqTb+Y3OxqoTsDr0zxzZYqW7S0Eul+/iujNR6T1H/BPf/nmbixBu+M+mW4uqxTHhv5hbjZVLburVVido5vZHwjY+OjXK2JR7sSrBcdu17FGCT1gxvft9ZFrIWJPR2eZ+apEquaxHcam9Fyde/uj60C43yW+GaQUx4b+YW42VS27q1VYm9oI+MbGbu6hloTj3YlWC86dr2KMUjqBze+b62LWAtznokba9S/gdfL99SuxK8aMprtbUgjbz4xV5qnvW25ainVaks/Zpuu3pjxmKiC9SGiuUrtakvEpvxVYxOTTtunpnKhX49q7QRrfbMr8auGjGZ7G9LI/fxXm67emJvP/3kmbqxx9W9TT82LPt6t2FoQvsly/2Cueu9Y7W1LtLGkjWmm4Kms2VTcyPXAO0c5VockJqhX0mBqi+q6UUMzyq4am7jJpl2S9VLArB+SO9dtutarzAmLOWtB+CZbf7T7VnvbEm0saWOaKXgqazYVN3I98M59xOqQxAT1ShpMrVbPM3FjjfbO4AqOl7gx472sgpvf2LZQWyI25Sv5My/48f/0P2/i7/6L/+5Z+5mf+cN/8d+tJexv/b//P5YISO3F/9Wf/I/kgyq4srRXUhtJmPVVQlC7bo6Ntd6FErsjaMzCFFdf7f4olFrSkDKVDPNaG3vbEiFr+nn1/C+GkE7bp6ZyoV+PWrSPJMzn5/N/nokba9z/nbG+9LEmu9l1ZbZfDeFA/6s/+TcJEHCy89pIiZcE1d/8mT9D/Jv/1L9FDJM5EcP8+H/2X/hW0Hhn1HRtdWPGYWrJtDHNFDyVNZuKG7keeOeMw+qQxARpX6+yqK4bNTSj7KqxiZvsquup3Wz8qJbTbF8MWQvCN1m9a1e9d6z2tiXaWNLGNFPwVNZsKm7kemB9/s8zcWON+s4Yr3UYA7yXuCmrjS2m1f6er/mmv+83feuXf+N3/OJv/I5f/jv/wC/7Hb//H/ytv6dpFubMP/N/+Q95EyT1xeBLAoZzn9PfEnvm1QJDivk6+Z/9nu9RSeAbhRRTaRybfuqWxq74Ozb2Pl3lQ5a7MmbeHFtlVy1PR42CMIvSB9p4T9tk0jAG+I/k+deqYCEbrYlrmmkJ8Oy58bEqq0yzL5Ln/zwTN9aY/s6ot2G8JT5AmlX84s6l9PP/ud/xC7/+9/7Dv/MP/CO/61+O/Ypv+UN43h/RTy0LxbcfBO3oJ+alYow+LxisvWww0j/7f32IYerYCMZgNEpNNnY1fmF3NGurtwlrA3MKVH5c9P422nLa0/bp6osuVmktCzGmoJmlNqpa5UdN/aRW8VejsEUJy4RKjlZlT8XNrvSVn05OOgajUWqysavxC7ujWVt7INtAq5CVP8/EjTXe8DfwdqEXFhm/Kv6h3/7766uCN8cv+abf94u+4dt/4W/7l6jyOklXs3EtmfoawOrvDMzfGanWN0H9nYENvzMeyjxSkljmUyXIC8lpwn8oizlZuHp7jkdjxSw6FVutvtmUrLboetqr1Y2lMb2LIVU22tNqY9gGdr8r2w65aFzYesVqVXbV8nTUKAizKH2gea1uzofEvBet1Cy34MocZTwVW62+2ZSstug6z8SNNdbvjHpvrp6JKRnjZfDLfse7t8Uv/e3f+Q/8lt/z93zNN9WuuspTq7K8GCBrjD+P+D/1b7WYKvbj/+l/nj9+1BjL26UuxGd3CKX/3TFH872V1w+xe8DU51XEEo4dzS01EgvfdhJm3TXayC/EzaaydW+tEvv8NDK+kbHpwRFr4tGuBE8bNWX6tz3/V1a76ipPbWy8Q8Ygp/xoVVbvwvqOvMGuthR+3MnIx9I12sg38XkmbqyxeGfUq5m4XffFA4SSnxF5W/Cr4kv/+d/ZNAtrC00NDeeyqOe+u6q/AHJ2ZywnuKV2lHPoywe8GOjyHeA/YWn5gZKZrugrhLH+7HAz//Pf+72KVaYlwdqQTZUhpzdicXem9nQzCNYz1xPsrZq1fq28P6fZTfF0futdXI1xlZvranfEV5q6q7bDV+0hlq5p+9VM+fGm1/SqtxmyqTLk9EYs7s7UzjNxY42rv2fcvJfN0sUviV/+8ncLflv4T0+pvnZ405t6QPvrAWv/yd/+11DEeam0XwCZ49j8tdwqj52xXcpk/N/yKtN8i6DxDZGZesb6+ok+pTXTLIJ171VsOlavyPhYS2NT8RssE9aj7i9XNcRPW+5optYWStyY1w5v+jvtaBayaUmyeizPf4y0aUZLaVS2rnHIyDSLYN17FZuOVfx5Jm6ssf4beL2ylWmCJvt7v/ZTX/Gp7+Jtgf/7f/O3SUaTlz8yqvwW+fJv/I7/0f/201VDoJlOjUM5f1TAEPNW8J+G6n/va+chfvy14/gF8O5PHTTynsgbJf821SzvjDD85oAZweqKR9R1r6x96vVF0NAsZNOSZPXYF9UB0WTVUho1aZ+mC4tm/I9fSm2OTNI71sTTdDoQcso/tdo1Tgjz2uFNf6cdzUI2LUlWj51n4sYavDOurik2HiKjte9AXhj/8O/8A/l5kSGI/77f9K2/5Jt+nxrtV3zLH+LNoWa63Ejmv+hNFeS4512S3wrpRe87hiA/MjR/oxhnCI3pJRjfGb6ZqiyW7U2rsbHE9fGa3+zKxQ9ZA62SKY2pfhw4TV9l9PqhGlnTZrU6Nl71hp9qrqqjElMzbnu0XLErc5TxVGy1+mZTstqi62mvVjeWxvQuhlTZaE+rjWEbXvObXdl2yBpolUxpTPHnmbixxvp3xquMrrwwPvEv/sH2h26MXxX1f2iL8pf9jt//i7/xO/idwYtETVpq75TM0Q8pz28Ffy54mivTPMS/+9DzSuAlUb8k9bfF/d8ZIxNjP5Tqz6DwblWvuZORj6VrtJFfiJtNZeveWiUev97GlRnTeuVHa+LRrgTrRceuxUKL0sJql/HNOWPjHTIGOeVHq7J6F9Z35A12taXw405GPpau0UZ+IW42ys4zcWONxd/ANa9su75Ja5WXBK8KXxj/vd/4zfKW6v96ilcFvzN4u8CvLe3G4TUOd87l/AOUvxU8wRET55+bSHkN5E3gvynlrPcFk18e9XeGjHa+IV7+t7xa2wNBFq1jHTV9FdVV2opPbdQ3xnQxtpaa+Krr6flCo9Z4bOSnsmZXmvB3hmBVdr9XQZO19jFtwdustk/nXA1vvOl61GhT2c3eZouuWnrt8FHfGNPF2FoiPs/EjTXaO+PpVdaqLOJf+tu/k1fCJ//Fxy8MGY2fF/74wP+ib/h2Xyej1UXb5ErWoP6/KAVydqv58f/svzgL7/+/RkXgCyCovxWmvzPSUpWar42g7sHXRpDXEpbNaPlPrco3zZS5sunJ/rR9uvqii1Vay0KMKWhmaRyVeGoIWotkTbU7mpjVtQarsqfiZlf6yk8nJx2D0Sg12djV+IXd0aytPZBtoFXIyo+L3t9GW0572n6eiRtr+M6YXk3Iq6s88v/j//3v9v+iu/2A+Ad+y+/x50X980YVaFcLabVK7GHRyPhGxqaPUayJR7sSrBcdu17FGCT1gxvft9ZFrIWJPR3uNbxqb1Y1ie80NqPl6t7dH1sFxnitVWOpjjbyC3GzqWzdW6vE3tBGxjcydnUNtSYe7UqwXnTsehVjkLQ9yTetdRFrYWLnmbixxvSdYTq9rFotEfPD4iuPF8Mv/PrfW0t5YfySb/p9V4/s3/ebvhXjTUOj1gTYyE9lza404e8Mwarsae/NmVfW2knHgWFSHTVaVSZo5OIoiRJbnzjValdMcjowJEGNDapJTkuY7VfVZk02TRejaqmJr7qeXkAatcZjIz+VNbvShL8zBKuyp703Z15ZaycdB4ZJddRoVZmgkfW+nGfixhpP/55RrV7xal/+jd/Bjwx+SdTqf/9f+Bd5W8Dzwhi7eJ38Q7/99/vTBPtF3/DttTrqr5YebSpb99YqMY8RvpHxjYytD4UmHu1KsF507HoVY5DUD25831oXsRYm9nS41/CqvVnVJL7T+Ga72lj4Ws1naXwsXaON/ELcbCpb99YqsTe0kfGNjPl5r6yJR7sSrBcdu17FGCQ9z8SNNV71zpgaPzL8c0X+t0+Snzz+Hs4LIyT3BkNmSfN/PcUrRM345OWOYuvnUnOV2lXjalP+qrGJSaftU1O50K9HLdpHEubpt7d23Rwba70LJXZH0JiFKa6+2v1RKLXGf65tumhj9vM/2qJ9JGHe/PyfZ+LGGuM7o92Gdoll8Lkx/j8Q8st/5x+o1f/JN/0+SP8eXtt/8Td+Bzw/Lz7xO//AL/xt/5J/4Xib1bFjvGaqjXz0Vy1YNI1Z21pDdfG435m/tqcT7n+EURnGoH2Q1tXa1+kdowUbF33D5LFlOmT6ARPUltYuQ/vIv8quljBeM9VGPvqrFiyaxqxtraH6s/v8n2fixhq8M6aXMuSiqufFwDug/lDgTeBviPrLA/Ev+ebv9B+j2r9ELayunriS2Kues5FZ2B3xlabuqu3wVXuIpWvafjVT3g00zXrgaMimypDTG7G4O1N7uhkE65nrCeOlmOpDLqpTzdXe0GiNX1vVJ25DFldjXO5VG7gjvtLUXbUdvmoPsXRN269myo83vaYJzjNxY43xnWE6XtCp/b1f+yneAV/xqe+qsl9y/Mhof8b4hV//e32R5O1yZYsVa2m9sdFGfWNMF2NrqYmvuhbfZ41GrfHYyE9lza404e8Mwarsae/NmVfW2knHgWFSHTVaVSZoZL0vKdW06Z/aVHazt9miq5ZeO3zUN8Z0MbaWmviq6wvr+T/PxI016r9NLe5QveLG+i8//q2p/tEif96o/6Pb/PLghZFRX/4N3/47/vV/OxqtDueBi7jalHxqtauu8tTGxjtkDHLKj1Zl9cv29Iv3WrvaUvhxJyMfS9doI78QN5vK1r21Suzz08j40Ro/NhoYV/8qW7fUsfv5H+OPxK62dJ6JG2v4zqhXcLya9Z5ZzUX3/7q7/nQg/hXH/4YqDKbsl/727yS28f/8E+f/Kdzf+f/+/77mj/1AlLEsFH/frvSVn05OOgajUWqysavxC7ujWVv7arWBViErPy56fxvTb/LT9unqiy5WaS0LMaagmaVx1NNYq5/UKn6UxRYlLBMqOVqVPRU3u9JXfjo56RiMRqnJxq7GL+yOZm3tgWwDrUJWvmnOM3FjjfY38Hbdk17dUd4EvCHqn7L9h6lf9A3fnt7Hj4zjl0dkf+k//AlfGILXBr85LGkuV32MlMlX+wk/BlNrVVKZsatdmals7HrKkE6HTJdLUFtau8ziEt20qyWM10y1kY/+qgWLpjFrW2uotqs6WhMkXUy+KtVR03Wfzqw+Rsq0q97wYzC1ViWVGbvaR5jKxq6nDOl0yHS5BLWltcssLtHCzjNxY428M9ptSNr4yuRfnEw1/3e09a/f/iXDHxnaf/Rf/Ffn6+IF/iNVu9M1jrWHKRbxtGs05zTxmF5NC38leLM58HM9P/Fift1DjQ2uTMEok8ktxmsRjNaq3rLqF9Z6Tauv/Ehe8Y15s7lEG5WLo00XuvrgEU+7RnNOE4/p1bTwV4I3mwM/1/MT1/Q8EzfWaH8DzxMZsgZaSF4MvAx+2e/4/dFgMPzyiIaB/sPUP/hb3/371fjO+K6/8H9K9akxuX27JGvarFbHxqve8FPNurq2m/ome+0qzWxfDFkLwjdZfWaueu9Y7W1LJPi+H/6rX/cn/w3SKh5NwVOZVjWvev5j01Q/DpymrzJ69/P/BrN9MeQ8EzfWGP+esbZ8B7DxnTH95fEVn/ou3iL5kzhi3hDnu+LAf/3f/J32b1PtK0E87vAf/fY/ygmC0asg9ou/8Tv+leNwQTaOSjw1BLR88w9+9g/+hb9SycSxSv667/0MK7ZP0Sx6g+nMGNW1YLTf/Wf+ItbIm3a1VvhRINMEo2y0aOqzpFFqc2SS+s4wvrKIF+las7Bxz9jT9ipIvOi68/xXU9DM0tue/yabdt3RVIvAYK2n+nTgR2iudZ6JG2tM3xk3b9jf/5u/jdeD/9d86n2LtHcGL4zGYH/i3/n3eFXwwuA3x9f8sR+YLjeSMPnS5p1RD0oEGGe3h8vNsbGUvvkH/vx3/YW/slBiVCNgLd9eqWLr9maKq692ZxQvOS4FSk3SoDKVDPNaa72k3pdxlY/WFu+Mq+XgLS3200ppuWOvHd5s0T6SMHn+p4agdt0cG2u9CyV2R9CYhSmuvtr9USi1pCFlKhlGO8/EjTXa38DXlqs8Xu5qV7dktKohXre0b8s/9h3fxwnC4Y7nP/PDI+Pszu+MK1t/9x6/M/7td78zsLa3ulsC1srvjMWnqC01Ha0KFrJqeWdUsqaZlgDPdWh8rMoq08wrOe0d7Yq/Y/S2d8bTVT5kudFujrV6Z+mqIV63tCf2Sjy9HaOtn3/a18uRhjFIS1NWG1tMR6uChWy0Jq5ppiXAs+ek55m4sUbeGbl2GnFNR1PQzNI4KvHUELQWyZpqleR3Bsc0noOSoyQ8Nv7OIPCfj+A1GqOPJnpeRfXfpljCNO35ceNa1eqhVvn6K4R2fsfkpxJB9vzr/8hnJNltfRdibI+N5VN83b/6b0rSJROra6kx8Fut+bplGlZfNgS/+8/+pazS9oDZGIOhhesDr8BR7iopAxFkq1FyHWSw8aakhOUSwTtTq3FjxtKVfcE9/2M6WgQGaz3VpwM/QrtaK/wokGmCUTZaNPX51yhlznkmbqyRv4HnsiZY21R2s7fZoquWmswDN6dtDnHsPFyOI1WjCvOLv/E7TDkHSTmdiaerc7pxCKZEu2eoDPM9Aa1iHoXweSjdngdcFTAB41Bmfn0tObOOpYW0HqO15fyM5b1IqV6E8Amqoayrk0bGWLZn7I+5+togpTHirAhZLwjmR05qoxrb/QgwpJg3JZ+Xm1WrXh+YXNKY01rQyPGwiClo+qc2ld3sbbboqqXXDh/1jTFdjK2lJr7qWlxnjUat8djIT2XNrjTh7wzBkJ1n4sYaV/829fl/7/POIPa48WhD1s5T+Hb4YhxGaK4WpdqO1KyleSCm3ZRjLkw7HzH+g/qbf/CzMuNAz0QXHVswXoG01PvSDmXEOcHXt8/rk8tVS35wSb2MA4lZRSXV9BLk88bccDTEdbfwvJnyctLYfz4CgVcDc4h3eXxnYFnlVczCvqDPvjF+Ovxt1tpJx4FhUh01WlUmaOTivkSJPb19sdp1nokba4zvjHoRq8FbuhLEFhMaU22swmiNxyA5cH0T+Hx4Clv1P1FzuFDypKujaETDMTSd70GZNBNinl8cvsRM8HxM6vD6SoCsB249ELW85yr5OFXrf8i/vD80V+GngCmCiKcfCgtPI+JRNu4hnxTxo1p+vVV7bK+8MxDnleYqxBFwy/LesoqvLe1qqMEqGcuESo5WZQvxVQn+aa+2mNCYamMVRms8Jqkfz8expeqbTcnRFjJKtbpYZTFkak2/mNzsaqH1wPNM3Fhj/Tfw8RL7gFa+aT7XluXauez/vpZTCUE7ccbjDD+e0fWDoK9n+vSdwXKc13Z52DHTqn+TQID/vr98+MOcSUt7Z7hn9O1ArOtmSDOvABMYmHdGNUpuMineNwHmlZH0XTs1ttcueLq0x0V+/5XmNYmGOHcB0mnNvGIIrOZ1GINslyjmQnVLC3ubjPTz5/lvBm/p6X4WExpTbazCaI3HJPVfQK+080zcWMO/Z+Q6Li7otITZflVt9lQ2Cq6Y8QjzpOY0PM/fl/8i5tjlOKtziD0fEY/PNOY7Iy3++SFVzHeGqyPLO8MWT+S8QmLvBh4vA1M8e0BMC3Oiicz4UX35RGjSG3/1zpiaLXxMxrouqXtg83UsezNoF1wy9nhnlBcz5jVJSowgXczxArY5WlsLUwZZL1HtnZIxyCmP1dJVb/xotl9Vmz2VjYI7jFZ54qTGV9Xp869FU3tj0+pUGWtKU3zdQ5vQWhIYV/8qm7acZ+LGGuPfwJuFr0Ej7zx22ELWrHbFJFN6HCt/+d2pLcnhzklE8DhcXk5YTtIcphkynkrymu+M8LQv3hlY3hmmDvdv7NVcHcvAMHlnmMorc0sEpMZWozRF8G3X74y01F6NsV40jCBHf1PmjWJaq8SPF/PxSshd5rNkLEZv/SGSfz+kxVHVt7W0dolitlxZHcveRnEVjBa+Bo38WXn+sQwMSVBjg2qS0xJm+1W12VPZKLjDaJUnTmp8Vb1zI2pvTPI8EzfWuPp7xvTKYvBa46f2VDYK7jCa/5OevDOUcaw8Tr0f/Cw+hwtnN6nKPFXtrYBlIYLxnZH/3lfmL4n844kpq5tipPUPvNkhnj1cvjPKXwso1XcGW+JTIEtLM8RYI7WrFs3fZxzixLx16kEfc0K2PdpYIq2jiH2phEFwNQ0ZJT9OWrg4j0t03NaQdWAMcsqPNspkrtqdfFVt9lQ2Cu4wWuWJkxpfVT/wVK1Bi0drSlN83UOb0FoSGFf/Klu3ZOx5Jm6scfX3jFzlp3eoCnL1tfBPbRRXpk5L4H/L+xcFSYP8LaGev5w+Hos8r2jar4TRfGfk4fZATOoEBmaCm4F0J5gC5pjSS5z31njC5r+7K6nMmXgE9RRmGm9HPxEp8xGk6uuTbRBnVwaUsjGMVTCrvrrcGynGhFxJq4jrlVGJ7HHNX/bPfNK6H+L2Bw/2j8YJGgvlx5kX0KVZjpRdPZjh36aStjhMLtF9i/5pYxUY47XwT20UV6ZOa0pLkmMcmQaTSzFWR8tdbumi96pUR7Wx2tOZ1cdI84lGCz8GUzvPxI01Fn8Dbxd6cbmrYCEbrYlrmmkJ8Hk+8PV3RgR6jqEcNzHOGkj/Il1PXsyuahx5OawxBrYj3hMtq2Pn/Jdzk16qMlr92VEHuopHfM5cbVzXczNG17QK7w4ZPn46j/6Y748q87iPhVdT91BPfF8b8nwQL0jGUqovKoxS20n7sPUCWiJolwjzDBo/5shgkNjioIlFYLDQV8FCNloT1zTTEuDr828Qq7LKNJteq6kSu+Lv2Nj7dJUPWe7KmHlzLLLzTNxYo70zptf3bfdy0VVLrx0+6htjuhhbS0181eU3bWE0ao3HRn4qa3alCf90CAc0B3qVPe19OnNtrZ10HBgm1VGjVWWCRi7uS5TY09sXq12xKfnUFl219Nrho74xpouxtdTEV11fiM+/VmVPe88zcWMN/wY+Xtl2WVu6foaaeLQrwXrRsetVjEFSPsIofmqti1gLE3s63Gt41d6sahKvG3lh8B/+jaTl6t7dHItVgTFeC//URnFl6rSmtCQ5xpFpMLllY1VrjVNxS6+uodbEo10J1ouOXa9iDJK2J/mmtS5iLUzs6XCv4VV7s6pJfKexGS1X947SeSZurOE7g0uWpwFvEAvfmGZ5CCo5VWJX/B0be5+u8iHLXRkzb46tsquWp6NGQZhp6fuGf7l6g03v6ZTBILE8SAu7+t7GHGU8FVutvtmUrBaBQbaNb73hG9Nseq2mSuyKv2Nj79NVPmS5K2PmzbFVdtXydNQoCLMovcrOM3FjjfpvU1zom9e6yq5ano4aBWEWpQ+06Rd7ymCQWE6ThU3PtWqOMp6KrVbfbEpWW3Q97dXqxtKY3sWQKhvtabUxbMNrfrMr2w5ZA62SKdVUZiSnVmVXLU9HjYIwi9IHmtfq5nxIzHvRSs1yC67MUcZTsdXqm03Jaouup73aeSZurHH1N/B6lafXPekYjEapycauxi/sjmZt7altA/O9qvy46P1tLL4kC5uuvuhildayEGMKmlkaRyWeGoLWIllT7Y6mWgQGaz3VpwNvWp0zXTrpGIxGqcnGrsYv7I5mbe2BbAOtQlZ+XPT+Ntpy2tP26eqLrvGhXYgxBdXOM3Fjjek7g8tX45o2S6nKFnpNwSiTyb3HaxGM1qo+ndUvrPWaVl/5aqNGgxlJrT3Q1a6mjTYqie80xq7Erxoymu1tSCMXV6DaleZpb1uuWkq12tJqN2VYSlW20GsKRplMLhRei2C0Vq1Pvn5hrde0+spXGzUazEhqi7t/NW20UUl8pzF2JZY/z8SNNXxntEu5ftqe3qT1jbmZvpYxSLp4RhfWuoi1MLGnw72GV+3NqibxncZmtFzdu/tjq8AYr4V/aqO4MnVaU1qSHOPINJjcsrE6Wrs4SVvv1TXUni50JWj8On0tY5A0l+VV1rqItTCxp8O9hlftzaom8Z3GZrRc3bs7Y88zcWON/M7wWle/sHbdTauvfLVRo8GMpMZmrkpX00YblcR3GmNX4lcNGc32NqSRiytQ7UrztLctVy2lWm3px2zT1RszPsBVMH28JatfWFvOtPrKVxs1GsxIamzmqnQ1bbRRSXynMXYlftWQ0WxvQxq5uALVrjRPe7PceSZurHH194xYveKJn96G0Wi5+ireH1sFxngt/FMbxZWp05rSkuQYR6bB5Fkfq6O1i5N00XtVqqOm1/zpzOpjpPlEo4Ufg6m1KqnM2NU+wlQ2dj1lSEfNaFWT+E5jM1qm9wK7P7YKjPFa+Kc2iitTpzWlJckxjkyDydMyVkdrFyfpoveqVEdNr/lV43kmbqzx9J1xZU+fhrUgfJPVZ+Wq947V3rZEG0vamGYKnsqaTcWNXA+cPu6j1SGJCe5867BFdd2ooRllV41N3GTTLsl6KWDWD8md6zZd61XmhMWctSB8k60/2n2rvW2JNpa0Mc0UPJU1m4obuR545z5idUhignolDaZWq+eZuLHGq35nJK2+8tVGjQYzkhq3+ap0NW20UUl8pzF2JX7VkNFsb0MaubgC1a40T3vbctVSqtWWfsw2Xb0x48lSBTfPnYW15Uyrr3y1UaPBjKS2n/+f3ef/PBM31rj/O2P69bt5k1q86GoPDfFCjCloZmkclXhqCMZHdtp1R1MtAoO1nurTgR+hXa0VfhTINMEoGy2a8Vmi1ObIJL1jTTxNXzWw2n7+Y3c01SIwWOupPh34EVpd6zwTN9bwnTH9PlTzRk7v5chPZc2uNOHvDMGq7GnvzZlX1tpJx4FhUh01WlUmaOTivkSJPb19sdoVk5wODElQY4NqktMSZvtVtdlT2Si4w2iVJzbdz/8da+2k48AwqY4arSoTNPJjfv7PM3FjjfY7I5dvJBOMaQveZrV9OudqeONN16NGm8pu9jZbdNXSa4eP+saYLsbWUhNfdX2RHKYxBU3W2se0BW+z2j6dczW88abrUaNNZTd7my26aum1w0d9Y0wXY2upiQ3OM3FjDd4ZN6+yxiGCwd/syqETsgZaJVMaU/04cJq+yuj1QzWyps1qdWy86g0/1ayra7upb7LXrtLM9sWQtSB8k9VbfNV7x2pvW2IsTW0ssTcflZtd4+NaA62SKY2pfhw4TV9l9PqhGlnTZrU6Nl71hp9q1tW13dQ3WUvPM3FjjfU7Q6sCY7wW/qmN4srUaU1pSXKMI9Ng8vSP1dHyDWzpoveqVEe1sdrTmdXHSPOJRgs/BlNrVVKZsat9hKls7HrKkE6HTJdLUFtau8ziEj21p43j6ngt/FMbxZWp05rSkuQYR6bB5FKM1dHaZU+66L0q1VFtrPZ0ZvUx0nyi0cKPwdRalVRGf56JG2vk36bqtdNXG5krQ6klDSlTyTCvtdZL6mM6rvKx2dVy8Jae7mcxoTHVxiqM1nhMUj9+sceWqm82JUdbyCjV6mKVxZCpNf1ickurrzadMDWUWtKQMpUM81prvaT7+a+M1nhMUj8+/+eZuLGG74zp9cXGy9rMezNtH/mprNmVJvydIViVPe29OfPKWjvpODBMqqNGq8oEjVzclyixp7cvVrtiktOBIQlqbFBNclrCbL+qNnsqGwV3GOxq8n7+71hrJx0Hhkl11GhVmaCRn6Pn/zwTN9bw36a8ZPVyY+2KVw2+Hh9T0mCaxtJrXPnErzVnapWscU1lalpNcQRVueAb82ZziTaKi1yZ6UJX35aIp12jOaeJx/RqWvgrwZvNgR/JfHrbNK1dw6rB10d9ShpM01h6jSuf+LXmTK2SNa6pTE2rKY6gKhd8Y95sLtFGcZErM12o3btYxNOu80zcWCP/NlXNC1o91m4VRto0o6U0KlvXOGRkmkWw7r2KTcfqFRkfa2lsKn6DZcJ61P3lqoZ43dK+eFdiZU9Xv/oaa7SvlyMNY5CWpqw2tpiurYrTwlqtnbRpRktpVLauccjINItg3XsVm47VKzI+1tLYVPwGy4T1qPvLVQ1xaznPxI018m9Td644NpWte2uV2O9eI+MbGXt64jSm2ZVgvejY9SrGIOl46Nyx1kWshYk9He41vGpvVjWJ7zQ2o+Xq3t0fWwXGeC38UxvFYe6PmsrWvbVK7A1tZHwjY1fXUGvi0a4E60XHrlcxBknbk3zTWhexFib2dLjX8KodO8/EjTXq38DrpZxe1qtrjbXehRK7I2jMwhRXX+3+KJRa0pAylQzzWmu9pHmUK5n4Y7Cr5eAtPd3PYkJjqo1VGK3xmKR+PEDHlqpvdkVW/n6j1noXSuyOoDELU1x9tfujUGpJQ8pUMsxrrfWSfv48/+eZuLFG+7ep8W7J4Bc3MprGrG2toToeDbE789f2dML9jzAqwxi0D9K6Wvs6vWO0YOOiNydf8dXq/Ko3bsxIYotrgq/Dp6TBNI2l17jyiZuNJRn8064qWIhjaw3Vdomq3Zm/tqcT7n+EURnGYHGva3AnvWO0YOOiTyefZ+LGGle/Mz5mm67emPErVAWLL1jMVWpXWyI25a8am5h02j41lQv9etSifSRh1lcJQe26OTbWehdK7I6gMQtTXH21O6PQ3JF9jmy6emP28z/aon0kYdZX6TwTN9ao74xcO+LpbdBSqrKFXlMwymS4lxFoEYzWqj4H1S+s9ZpWX/lqo0aDGUktH2q0q2mjjUriO42xK/GrhoxmexvSyMUVqHaledrblquWUq22tNpNGZZSlS30moJRJpMLhdciGK1V65OvX1jrNa2+8tVGjQYzktri7l9NG21UEt9pjF2JR/48EzfWaP82FXvVXZna0wl3llAzKsMYtK9K62rt6/SO0YKNi96cfMVXq/Or3rgxI4ktrgm+Dp+SBtM0ll7jyid+rTlTq2SNaypT02qKI6jKyo+2KN20pxPuLKFmVIYxWNzrGtxJ7xgt2LjozclXfLU6v+qNGzOS2OKa4OvwkOeZuLEG7wwv2dts7L2aFv5DlrsyZt4cW2VXLU9HjYIwi9IHmk/5zfmQGC1PV29frdEcZTwVW62+2ZSstuh62qvVjaUxvYshVfYGG3uvpoX/kOWujJk3x1bZVcvTUaMgzKL0gfYxPP/nmbixxtO/Z4ScnhdTcmFPbyGC9cz1BHurZq1fK+/PaXZHrKYpk7Zq0ha8zWr7dM7V8MabrkeNNpXd7G226KqlO8PRTGUh9/Of+KndEatpyqStmrQFb7PaXuecZ+LGGr4zvHDjbRiZK0OpJQ0pU8kwr7XWS/raL8lHblfLwVt6up/FhMZUG6swWuMxSf14JI0tVd9sSo62kFGq1cUqiyFTa/rF5GZXy03FU0OpJQ0pU8kwr7XWS7qf/8pojcck9Yvn/zwTN9bw36Zi43U0rqlMTaspjqAqF3xj3mwu0UbxlFRmutD4JGkRT7tGG7/D0/RqWvgrwZvNgZ/r+YkX8+seamxwZQpGmUxuMV6LYLRWTUvlW1xTmZpWUxxBVS74xrzZXKKN2s8/5sD1/PNM3Fij/g18vI6vunN3xFea+si2x/dVe4ila9p+NVN+/dxf9TZDNlWGnH5Lp+TCnm4GwXrmesJ4Kdb6tfL+nGZ3xGqaMmmrJg0TstrILOyO+EpT71G7X6/aQyxd0/armfLjTa/pVW8zZFNlyOljOSUX9nQzCNYz64TzTNxYY/o38DAG04e4aWLr9I7Rgo2L3px8xVer86veuDEjiS2uCb4On5IG0zSWXuPKJ36tOVOrZI1rKlPTaoojqMoF35g3m0u0UVzkykwXmt67KWOwuNc1uJPeMVqwcdGbk6/4anV+1Rs3ZiSxxTXB1+FT0mCaxtJrXPnErzVnapU0OM/EjTV4Z7Tbf3Vrq12V6qg2Vns6s/oYKdOmvb/uez/zr/zwX/2+wwy+7k/+G1NlbBwuM3a1jzCVjV0L5su/4dvZ4Tf/4GenQ6bLJagtrV3m6hLdt6sljNdMtZGP/qoFi6Yxa1trqE6fQ83eJki6mHxVqqOm6z6dWX2MlGlXveHHYGqtSiozdrWPMJWNXU8Z0umQ6XIJaktrl1lcopt2nokba6x/Z2jj018FY3U09FplEleb8leNxLwzOIU5i03/se/4vseh/AN/Pporc06d1mxRwhbtleQF9gf/wl+B8Sqd74xhewhq19OxzVrvQondETRmYYqrr3Z/FEotaUiZSoZ5rbVe0ulB05jP5+c/sem0fWoqF/r1qEX7SMKsrxKC2nVzbKz1LpTYQnCeiRtr1L9nxHJN11f/DebAj3B+fWdgDAxDvJhf91BjgytTMMpkcgDhNV4PvDMiq6Yy5peq+oW1XtPqK19t1GgwI6nlQ412NW20UUl8pzF2JX7VkNGm7SE/cPhoDvxcz0+8mF/3UGODK1MwymTG5z+C0Vr18+H5P8/EjTWm7wysnRRe08rEpmQ1n4Cr9mZVk3jR2N4Z2D/67X8Uhh8cV0/enbHauBm8Fn5tvDO+a3hntLFJ21hLkmMcmQaTWzZWR2sXJ+mi96pUR02v+dOZ1cdI84lGCz8GU2tVUpmrrra0+qn4akLMa3LV3qxqEt9pbEbL9F5g98dWgTFeC//URnFl6rSmtCQ5xpFpMLllY3W0dnFMzzNxYw3fGdPbgIWcPn9XD+WVPb2XCNYzxwn1nWGv/zzFm4P4m3/ws/xnvm+R+mr53X/mL5L69w9iGCcjgGHm1/3JfyN/Jhn/QCKvhcxObPwX/sT/MRrNLRFkIN4VtbxdrLJ5eQby7oFMl8HbrLZP51wNb7zpetRoU9nN3maLrlq6MxzNVBby8/b5r2Zv1az1a+X9Oc3uiNU0ZdJWTdqCt1ltb3POM3FjjfY7o17E6ZW9utwa5JQfrcrq9+S138PxdwYnMoyx/5nf/kufKu+JbJVq9J7gMDnWfd+QKvjF3/gdnOBJmZ/eX/9HHjvhFZXNMMGXlqlWpzmcj+Ba7Cpi4rptFkqs2ZKY64ZvZHwjYx9yQmFXgvWiY9erGIOkfnDj+3bVVcnET8kY5JQfrcrqXVjfkTfY1ZbCjzsZ+Vi6Rhv5hbjZVLburVVib2gj4xsZa1f7PBM31pj+zmhXdspc2fShf9o+XX3R5SNC4DuDo7ymeGWe6RziVDUOcc5iYzWMymsAJbG/PGKUGGJM6Xf/2b+U1TFKCEjb0thjufL3DFvUy1CqLwM+hRNQUvq6f/XfTGk0NA78eOxqrfCjQKYJRtlo0YzPEqU2RybpHRvFbcJU0Jgr+5iff414IcYUNLM0jko8NQStRbKm2h1NtQgM1nqqTwe+1s4zcWONN/wNXHKqmX5hMDRa49dW9YnbkF/3PX+Kc7bae/+Z//6foGEeZ/HLkR17vAmO94S/Mzz3s5C/BhybqoaGRs993xnKch0eG/i33/udUd9P6P0Hq1i2x9hazWYSVJuSmLybaZr1wNGQTZUhp7f+6nm4sqebQbCeuZ4wXoqpPuSiOtVc7Q2N1vi1VX3iNmRxNcblXrWBO+IrTd1V2+Gr9hBL17T9aqb8eNNrWvnzTNxYY/3OaFZ546ZMOgajUWqysavxo+WknmraOwNDPL4zkHFG82yt3xkYJz5Gqhn7vnEn/FawS1ts4H/x7X/EIdUY6BsII5AMg9WPmXhxffhQrWUhxhQ0szSOSjw1BK1FsqbaHU21CAzWeqpPBza70lfeuCmTjsFolJps7Gr8wu5o1ubZGmsDrUJWflz0/jbactrT9unqi67xoV2IzzNxY43821S9dlgekUqONgqmLSEX1alm+mBhaLT6X/ejtSMbff5DPqsQcOh77j/eGX/5vV8SWH0tEdRqhmDTndQNKEaz+J1RB2q+sb6t/HNZuyZjyx1L17T9aqb89NlYDxwN2VQZcnrrr56HK3u6GQWjbPoZRxsF05aQi+pUc/V50WiNX1vVJ25DFld4XO5VG7gjvtLUXbUdvmoPsXTV9vNM3Fij/s6YXv3FU9uCtTmnicf0alr4JnjVO2PKMJAJv/6PPN4EzKn/pa/ljYLR26qx6U54PdQ/ZbMW8/NDB31iqwlqjAal6Wgqo4/JcNkj0CIYrVW9ZdUvrPWaVl/5aqNGgxlJLR9qtKtpo43KadfVB4/4zlqYc5p4TK+mhb8SvNkc+Lmen3gxv+6hxgZXpmCUyeRRwWsRjHaeiRtrjP82VS9r/cJcfXnebFe3MPy4k5GvPwIqr/mGqLz/df+7/+xfCokgbxGrWH5MfN2/+m+S5teA/9Vf/zrN68T3RN1Jqo//MdVffvcneiztMLa4loLspP6wqC8trS4xtStB49fpaxmDpPm6vspaF7EWJvZ0eJ6Zp8pqVVyf+Rp/JHa1sfDjTkY+lq7RRn4hbjaVrXtrldgb2sj4RsbWV7uJR7sSrBc9z8SNNXhn1McxdvOiv8rG3qerPF0uJ3XjtfFXBcZM//e1Wv3d4DuDmZzRBP65wuHZia+NWN4fVzvh/aTSF09tYaZdMX/uYGw7ZHth3LHpPZ0yGCTmd7uVmq2/yZijjKdiq9U3m5LVFl1Pe7W6MVqm1+pq1M0lpjb2Pl3lQ5a7MmbeHFtlVy1PR42CMIvSB9r0nk4ZDBKj5TwTN9bI3zNG84JyKROrTDw1BK1FsqbaHU21CAzw/4Ov+11X9j/8Td+CNfKp/U+/9Q/9yX/n3/vn/vgPNv6pXa0VfhTINMEoq9aug1+MapRycSqT9I418TSdDoSc8k+tdo0Twrx2eNMv2imNZunz+fk3nRrVpwM/QrtaK/wokGmCUTZaNB/583+eiRtr+M7w6rfLXW1x3Ud+IW42la17a/U7P/sjv+/P/zD+YQSacWWG9NE1s//DD//of/A3/18/9O//3xrfrQ2PLReddL2G+ef/xL9eP/54MN2x8QTUwsSeDs8z81SJVU3iO43NaBlPCu3+2Cow/gJ9/om9oY2Mb2Ts6hpqTTzalWC96Nj1KsYgqR/c+L61LmLN9DwTN9YY/55xZe1aJ27MWFpb099pR7OQTUuS1WPjY+f/mfeve/k/zJ5aSm1ai8d0yjSLYN17FZuO1SsyPtbS2FT8BsuE9aj7y1UN8bqlnZV35sfaQokb86qZWNPfaUezkE1LktVj4/NP2jSjpTQqW9c4ZGSaRbDuvYpNx+oVGa+dZ+LGGuu/gTdr132hxO4IGrMwxdVXuz8KpZY0JIF/z/CPCtG8wVovqadV5T9k/hvsajl4S0/3s5jQmGpjFUZrPCapb+c7NrZUfbMpOdrVzKnVEvF6iTuCxixMcfXV7o9CqSUNKVPJMK+11kv6BfH8n2fixhp5Z+TCxd+3K33lp5OTjsFolJps7Gr8wu5o1rb+j9Z8SSo/Lnp/G+MZij1tn66+6GKV1rIQYwqaWRpHJZ4agtYiWVPtjqZaBAaLmQvBwq70lZ9OTjoGo1FqsrGr8Qu7o1lbeyDbQKuQlR8Xvb+Ntpz2tH26+lXXeSZurJF3xs+9JwBjldayEGMKmlkaRyWeGoLWIllT7Y6mWgQGaz3VpwM/QrtaK/wokGmCUTZaNOOzRKnNkUk6WhvSlFbbhHHaYn6zcc/Y0/bp6ouu9gQSL8SYgmaWxlGJp4agtUjWVLujqRaBwVpP9enA2HkmbqzhO6Nd1vtXeWq2L4asBeGbLF8zmKveO1Z72xJtLGljmil4Kms2FTdyPXB64oxWhyQmqFfSYGqL6rpRQzPKrhqbuMmmXZL1UsCsH5Kr69aUY+OrzPbFkLUgfJOtP9p9q71tiTaWtDHNFDyVNZuKG7keeHUfm9UhiQnqlTTQzjNxY43pO+PN5s0Yp03nQ2K0PF396SPiKOOp2Gr1zaZktUXX016tbiyN6V0MqbLRnlYbwza85je7su2QNdAqmdKY6seB0/RVRq8fqpE1bVarH7J0NT/aOG06HxIbtz1artiVOcp4KrZafbMpWW3R9bRXqxtLY3oXQ6pstKfVxrANr/lYOs/EjTWu3hmL2zDaHfGVpj5J7XF/1R5i6Zq2X82UdwNNsx44GrKpMmT7mNqUXNjTzSBYz1xPGC/FWr9W3p/T7I5YTVMmbdWklU81NjILuyO+0tR71O7Xq/YQS9e0/Wqm/HjTa3rV2wzZVBly+lhOyYU93QyC9cxxwnkmbqyRv2d8VMadmN7O8LVan9F112gjvxA3m8rWvbVKzM7xjYxvZOy1D3GzK8F60bHrVYxBUj+48X1rXcRamNjT4Xlmniqxqkl8p/HNdrWx8LWaz9L4WLpGG/mFuNlUtu6tVWJvaCPjGxnz815ZE492JVgvOnZdMeeZuLHG/XfGeKFjtbSQTe3q/rV0MbaWmviqa/3sYjRqjcdGfiprdqUJf2cIVmVPe2/OvLLWTjoODJPqqNGqMkEjF/clSuzp7YvVrpjktLSwhb6WPnxsY0wXY2upia+69vM/tfNM3Fjjzjvjzn26+W2/YhZ2R3ylqbtqO3zVHmLpmrZfzZR3A02zHjgasqky5PRGLO7O1J5uBsF65nrCeCnW+rXy/pxmN8XT+a13cTXGVW6uq90RX2nqrtoOX7WHWLqm7Vcz5cebXtOr3mbIpsqQ0xuxuDvVzjNxY436zrhzZb1n9bZNbyE25a8am5h02j41lQv9etSifSRh1lcJQe26OTbWehdK7I6gMQtTXH21+6NQaklDylQyzGut9ZKOR9Jr5+/nv9lIwvwcfv7PM3Fjjau/gU9tKnvVjYktumrptcNHfWNMF2NrqYmvup6eNTRqjcdGfiprdqUJf2cIVmVPe2/OvLLWTjoODJPqqNGqMkEjF/clyml6ZVPZzd5mi65aeu3wUd8Y08XYWmriq66fM8//eSZurDG+M/IE1BtQY4NqktMSZvtVtdlT2Si4w2iVJ05qfFW9c/TU3ti0OlXGmtIUX/fQJrSWBMbVv8rWLXUse5uK37AoVrvqKk9tbLxDjsx+/lv1i+f5P8/EjTXyb1PtsuaiNzKB8ajRqjJBI+88i9hC1qx2xSSnA0MS1NigmuS0hNl+VW32VDYK7jBa5YmTGl9Vv3gOhWqtZUzHmWFSHTVaVSZo5H7+pzYK7jBa5YmTGl9Vc0HOM3FjjTt/A/+orN6zauFHgUwTjLLRohm/cpTaHJmkd6yJp+l0IOSUf2q1a5wQ5rXDm/5OO5qFbFqSrB7j1jQxadOMltKobF3jkJH5OO1q9fBXG26CUTZaNPv5X1vVn2fixhr1nbG47jJNMMpGi2Y/u2tr+jvtaBayaUmyeuzz8OyOYN17FZuO1Sk5po0P0wSjbLRo9vO/tqa/045mIZuWJKvH8vyfZ+LGGvd/Z7R7QOrXoPJN87m2q+XgLT3dz2JCY6qNVRit8ZikfnpwTJnFqKe2kFGq1cUqiyFTa/rF5GZXC90ZeGWKX9Xy1Mb97Oe/MlrjMUn95/nzf56JG2vwzri6xFP+6oo3Mem0fWoqF/r1qEX7SMKMD241BLXr5thY610osTuCxixMcfXV7o9CqSUNKVPJMK+11kv6s3UEX60y5a+218Sk0/apqVzo16MW7SMJs5//KzvPxI011r8z6oUe4zVTbeSjv2rBomnM2tYaqovvzJ35a3s64f5HGJVhDNoHaV2tfZ3eMVqwcdGbk6/4anV+1Rs3ZiSxxTXB1+G1dGW1OsZrptrIR3/VgkXTmLWtNVTbJap2Z/7ank64/xFGZRiDxb2uwZ1UO8/EjTXyzmhXvFpKtdrSj9mmqzdm/G5UweKbE3OV2tWWiE35q8YmJp22T03lQr8etWgfSZj1VUJQu26OjbXehRK7I2jMwhTXlpGJpdT0U/HHY9PVG7Of/9EW7ZDnmbixxtXvjHpZE0+vNXbF37TWTjoODJPqqNGqMkEjF1+YKLE73yutdsUkpwNDEtTYoJrktITZflVt9lQ2Cu4wWuWJkxpfVe/ciNobm1anylhTml61NPFIVrvib1prJx0Hhkl11GhVmaCR+/mf2nkmbqzhO+PquoecPj33Hynt6T1DsJ65nmBv1az1a+X9Oc3uiNU0ZdJWTdqCt1ltn865Gt540/Wo0aaym73NFl21dGc4mqks5H7+Ez+1O2I1TZm0VZO24G1W29uc80zcWGPx94x6Qa+ucuyKv2mtnXQcGCbVUaNVZYJGLr6cUWL3z4XaFZOcDgxJUGODapLTEmb7VbXZU9kouMNolSdOanxVvXMjam9sWp0qY035KvFIVluPemqtnXQcGCbVUaNVZYJG7ud/tPNM3Fjj5jvDdLziYVIdNVpVJmjkfo6nNgruMFrliZMaX1Xv3IjaG5tWp8pYU5ri6x7ahNaSwLj6D7E2IfMbmcB41GhVmaCR+/mf2ii4w2iVJ05q3KrnmbixBu8ML9z43EzTVxm9jH3VwFodG696w0816+rabuqb7LWrNLN9MWQtCN9k9RZf9d6x2tuWaGNJG9NMwVNZs6m4keuB9dhVuZ//qd3UN9lrV2lm+2LIWhC+yZ4+/+eZuLHG4ndGbHp9R2uym11XZvtiyFoQvsn2uRmr5+bC6pDEBFeHbLNFdd2ooRllV41N3GRj1z/yu/7lX/Etfwi/tjsarMludl2Z7Ysha0H4LvvUd4W/6r1jtbct0caSNqaZgqeyZlNxI58MfLkUsfNM3Fgj7wyPgKdfM+2Kv2Nj79NVPmS5K2PmzbFVdtXydNQoCLMofaBN7+mUwSAxWp6u/vRl4yjjqdhq9c2mZLVF19NejY29d2QcJ8jNQ+fJYbS0sffpKh+y3JUx8+bYKrtqeTpqFIRZlD7UZvd0ymCQ55m4scad3xkL4/t58ytaZVctT0eNgjCL0gfaPnkXVjeWxvQuhlTZaE+rjWEbXvObXW7bk6IeHK812m9OqLKrlqejRkGYRelD7ZUn74P/1Hc9X334z/xm5yjTmdhq9c2mZLUmOM/EjTWu3hn5ghksvooY1bXgo7WrtcKPApkmGGWjRTOe2pTaHJmkd6yJp+l0IOSUf2q1a5wQ5rXDm/5OO5qFbFqSrB7zbWGskTbNaJTqedEsp8niSIpRXQs+WrtaK/wokGmCUTbaO81walNqc2SS3rEmnqbTgZBT/qnVrjbhPBM31li/MxZfudioJL7TGLsSv2rIaLa3IY0cj5upXWme9rblqqVUqy39mG26emOm787EY3U0V6ldbYnYlL9qbGLSaXu1el408zS5cyqNSuI7jbEr8auGjGZ7G9LJOz8IrnfytLcvNyvVaks/ZjvPxI01eGdcfbXCjwKZJhhlo0Wz/7N9bU1/px3NQjYtSVaPvfk/22tQla1rHDIyzSJY917FpmPVE+rqkAo/CmSaYJSN9k7zRfCf7ZV57fCmv9OOZiGbliTjzzNxY4313zPGL15NX2u2L4asBeGbLK8fmKveO1Z72xJtLGljmil4Kms2FTdyPfDOf+ZjdUhignolDaa2qK4bNTSj7KqxiZts2iVZLwXM9CHJ2XFl7aCZnjv3rZ5QU1sLwnfZy+sH5qr3jtXetkQbS9qYZgqeyppNxY18MvDZ30i0OiQxwXkmbqzR3hnTL6Hmly2CqlzwjXmzuUQbxUFQmelCV8doxNOu0ZzTxGN6NS38leDN5sDP9fzEi/l1DzU2uDIFo0wmtxivRTBaq3rLqm+WgyO2OJIoaUlbaco35s3mEn3U+/+yNF/o4hiNeN412jGnicf0alr4K8GbzYEfyfzzTNxYI++M6ZcKu/NdHa3qE7chVyti43Kv2sAd8ZWm7qrt8FV7iKVr2n41U94NNM164GjIpsqQ0xuxuDtTe7oZBOuZ6wnjpVjr10qZ946M67NVa/zaqj5xH3L9H8Xjcq/awB3xpabu6v0dvmoPsXRN269mnvzyRXXV2wzZVPmOfPmY55m4scb6b+AGNTa4MgWjTIavfQRaBKO1qkdG9QtrvabVV77aqNFgRlLLhxrtatpoo5L4TmPsSvyqIaPZ3oY0cnEFql1pnva25aqlVKstXdh5ZMysHkw1NrgyBaPsZF5+FuC1CEbrVc+16q+t9ZpWX/lqo0aDGcnTrv+KfjVttFFJfKcxdiV+1ZDzTNxYY/33jLfZ/S9t+6onrvZ01CgIsyh9oPneujkfErtztt55HWbIVGy1+mZTstqi62mvVjeWxvQuhlTZaE+rjWEbXvOrLo6JV50pN+3+eVdlVy1PR42CMIvSh9rsF8CUwSAf/Of9/9HGeSZurME7I98og6svWLVoxmOLUpsjk/SONfE0nQ6EnPJPrXaNE8K8dnjT32lHs5BNS5LVYx6Xxhpp04yW0qhsXeOQkWkWwbr3KjYdq1dkfKylnhQ5RBYHTbN3muHYotTmyCS9Y008TacDIaf8U6td44Qwrx3e9Hfa0Sxk05Jk9Q8bXlGkXfO+nWfixhrj7wy+V+2rdWVVdtXydNQoCLMofaD5qrs5HxIbj+DRxjdoM0cZT8VWq282Jastup72anVjaUzvYkiVjfa02hi24TW/2ZVth6yBVkmMY2I8PnKyPLUqu2p5OmoUhFmUPtR+Lv5K0BZdT3vPM3FjjfrOGL9Ub7NMWI+6v1zVEK9b2ll8JVb2dPU2rRnt6+VIwxikpSmrjS2mo1XBQjZaE9c00xLg2XPjY1VWmWbTTz1VYlf8HRt7r6a1Q+TmyfLUMmE96v5yVUP8pOX9s/hSfPHa6LZ8DTzal8uRhjFIS1NWm7S8L4hVwUI2WhObnmfixhrT3xktaPFoTWmKr+dpm9BaEhhX/ypbt9SxOQSbvWFRrHbVVZ7a2HiHjEFO+dGqrN6XGn8kdrWl8ONORj6WrtFGfiFupqyeGrGcJvVYWZ9HTWn68OU8bRNaSwLj6l9l65b3xl78bnjDoljtem+VZzY23iFjkFN+tPdk9T1X4vNM3Fhj/TfwfKXvfBWrJvGdxma0XB1k98dWgTFeC//URnFl6rSmtCQ5xpFpMHzeCGppau3iJF30XpXqqOk1fzqz+hhpPtFo4cdgaq1KKjN2tY8wldU0h8WlvfwX8Z2DqWoS32lsRsu/9qP//s8M+M7P/kgd+xu//wchf+w//k/SWK2ua4zXwj+1UVyZOq0pLUmOcWTag3l5gY3VidUTv6SL3svS+y+P80zcWGP9zpja+F1t9lSATb/PlTFYnwKtfZ3eMVqwcdGbk6/4anV+1Rs3ZiSxxTXB1+FT0mCaxtJrXPnErzVnapWscU1lalpNcQRVueAb8+68eI09PdfuHHxqRqWM7wzeCjnUeGEcL46fiWZ8Z7Rp4/CnRsuj6/1D+STfZ2oau+Kr1flV/wM/+h/wcSpDbFrJhw3be8+X4VPSYJqeZ+LGGr4z6hep2hV/08Zv6UhynN1Z5UrztLctVy2lWm3px2zT1RvT3hlYFYzV0VyldrUlYlP+qrGJSaftU1O50K9HLdpHEsarlMOinR2xK/6m2T49p96Rs38jevfOeGHU/Nf/zd/5m3/rvwoZfmF9uVmpVlv6sdmP/D/+n74zxtU78/47A3tPMFRHc5XaZXyeiRtr8M6o37f2BfPb1chY+DGYWquSyoxd7eCbysaupwzpdMh0uQS1pbXLLC7RTbtawnjNVBv56K9asGgas7a1hmq7qtXuzF/b0wl3lvCkGH3skV7/74XCj8HUWpVUZuxq74zI/LWBD1ntKUM6Mo9g9l/uCWpLaz+ZO/+TqqXR7jvDuPJPmWojH/1VCxbNeSZurJHfGVffsafvjDtfzlFJfKcxdiV+1ZDRbG9DGnnzlXCledrblquWUq229GO26eqNGd8WVbB4l8RcpXa1JWJT/qqxiXOUJJjYs3fGZWOxUUm8aLz6nYHBc7wm/isvsWnge0Vrfx254usr6sf+4/+E3zTEZ+39fwSbVtvHQXDW3v8gWFuXxjN6AQKVzsTX4S39CO08EzfWyN8z8nVafMeaNaUpvh4KbUJrSWBc/ats3VLHXr0A3rAoVrvqKk9tbLxDxiCn/GhVVu/LnYP7VXa1pfDjTkY+lq7RRn4hbtZk9bzIMdSOp8SjNaXpw5f/bG8TWksC4/jxnRH7m3/rv8rxjcb3x//mj//riTHa885A7CiH/9hPnYd7eGW8e0hzWFsFpv6+yfxUHWXVt5cMaTbpD4gsZC8bTmqLMklMsgbVIKf8aO/J6s+p2T9hnWfixhrrv4HX71jixfezncjECzGmoJmlcVTiqSFoLZI11e5oqkVgsNZTfTrwI7SrtcKPApkmGGWjRTO+byi1OTJJ71gTT9PpQMgp/9SenjtVkHjV9f6PEuKV+EXQDN53Rg5WlQbTd4an9m/8Yz8QmeYflutvDgyNevm0MNZfD8aPgcdBryBV0lrVWjVzNFJIAj9X24/W3hk3LZtvFn4UyDSB/jwTN9YYf2fUNOTN7+RUdrO32aKrll47fNQ3xnQxtpaa+KprPGSb0ag1Hhv5qazZlSb8nSFYlT3tvTnzylo76TgwTKqjRqvKBI18+oOgnSxPbSq72Vtt8Tsj5y+Gxv+6R0ncTmoM5fRv5hzQEWd79UU1nvtpQZ+qvXirpgS+yWL8uHEb4340Gv2h03iMkmMrU9OpXWnCTwXnmbixRv2dkW9UtSmJNf5KNjXFN1uqbGypx3HGLiYvSlgmVHK0Knsqbnalr/x0ctIxGI1Sk41djV/YHc3a2luzDbQKWflx0fvbmL6kx/Z2ZEzPkaenzzRdm+JFS31nVBkxPFVT4h/5v787nUnF73/5D3kO6Ok7Y3wlYOePleNfsabvDKrGVh2lr9XHDgY4bdxPrL4z6uRY0jEYjVKTjV2Nx84zcWON9juj+vt2pa/8dHLSMRiNUpONXY1f2B3N2j4/z8Fm09UXXazSWhZiTEEzS+OoxFND0Foka6rd0VSLwCBpDgusniD1HLljV/rKTycnbcH0dwYl/63JGE/sf9HXdg50eN8rV2e0PwsaWRe9886ov9JqldJjV0eV/WRv2LifVOuEuc3+AlGHT60KEl91nWfixhq8M+pXbvr1m55WWPsqPjXnNPGYXk0LfyV4sznwcz0/8WJ+3UONDa5MwSiTyUGM1yIYrVW9ZdUvrPWaVl/5aqNGgxlJLR9qtKtpo3l2TI+V92x2WmFPz6BuL8doJccUm74z8ofutJhGEOPU5lgnmM7B6t8zMAfS4oFOeuudcVFdvBjcT/07TcxSlAQ1NrgyBaPsZF7+yITXImh2nokba/jOyBesfdMsSY5xZBpMPZ5qaWrtDEq66L0q1VFtrPZ0ZvUx0nyi0cKPwdRalVRm7GofYSobu54ypNMh0+US1JbWLrO4RDftagnjNVNt5KOftnhS1HOkHSiWJMc4Mu3BlOOplubWXkUvKb3jWe+h7F8vYjC+M9Bjkr/xj/0AfFIO93oW+y7BONZdwpL/NJR/1PKt8Ci9fKLxnZGZBFZlmEmchTBi3k9W3Q8BKUZJ/r3X2PtXRoG+ka9iSOdDXpY7z8SNNerfM7SrL+TU8p2Mr3Z/FEotaUiZSoZ5rbVeUo/LcZWPza6Wg7f0dD+LCY2pNlZhtMZjkvr2gsHGlqpvNiVHW8go1epilcUQzZOi2Xj0LExx9dXuj0KpmfpvUBU5o+tMeN8ZHrhBXhga5/JZ+Jmfqb8AfE8Eks73rSCjje+MlLBaxXxtBOhTwq72E57952rUzzu1K8G6cazCnGfixhrjO+O11r7DsfC1Ws/odddoI78QN5vK1r21Sux/TTcyvpGx8YSt1sSjXQnWi45dr2IMkvrBje9b6yLWwsSeDs8z81SJVU3iq8Z2arzNOGumx1P496rln6fWXaON/ELcbCpb99bqIz5+cHRyGNLS9ouhWRcPdiVYLzp23WTOM3FjDd8ZfqnG71jjF3ZHs7Z2vLaB04NjXPT+Ntpy2tP26eqLrunRmXQ0Bc0sjaMSTw1Ba5GsqXZHUy0Cg7We6tOBH6FdrRW+Cup5ET8GSRd2R/PEZv8g885eXjaVHxd9xTZmp/nT9unqq66P6P9g5WHDqMRTewjebznJkmohzzNxY43F74ynX3UE05M3tp5gb9Ws9Wvl/TnN7ojVNGXSVk3agrdZbZ/OuRreeNP1qNGmspu9zRZdtfTa4aO+MabTsTk1pnbzVGpktScTXl4DYdb6tfL+nGZ3xGqaMmmrJm3B26y2T+dcDW+86XrUeSZurJHfGflSTb9diy8eZvtVtdlT2Si4w2iVJ05qfFVdvPmiqb2xaXWqjDWlKb7uoU1oLQmMq3+VrVvq2PH3ivaGRbHaVVd5amPjHTIG2fgcFpwg69NEclrCbL+qNnsqGwV3GK3yxEmNr6qLN180tTc2rU6VsaY0ffiyhzahtSQwrv5VNracZ+LGGrwzpt+0+gVrfGPebC7RRrXjabrQ1REf8bRrNOc08ZheTQt/JXizOfBzPT/xYn7dQ40NrkzBKJPJLcZrEYzWqt6y6hfWek2r96TI2VEPEeIrvjFvNpfoo+78C8zFER/xvGu04YfONL2aFv5K8GZz4Od6fuKk55m4sUb+bYpvUb5jCarVL9totl9Vmz2VjYI7jFZ54qTGV9XFARRN7Y1Nq1NlrClN8XUPbUJrSWBc/ats3VLHsrep+A2LYrWrrvLUxsY7ZAyy8jk4sHp21DMlJjktYbZfVZs9lY2CO4xWeeKkxlfV/VMDO8/EjTWmf89oX62FVdlVy9NRoyDMovSB5gF9cz4kdnVuVlu8ezRHGU/FVqtvNiWrLbqe9mp1Y2lM72JIlY32tNoYtuE1v9mVbYesgVbJel5Uy2H01KrsquXpqFEQZlH6UJv9yJgyGOSDH/6kPLHrd492jjKdia1W32xKVlt0rXvPM3Fjjfw9o36XYmEM2hnXulr7Or1jtGDjojcnX/HV6vyqN27MSGKLa4Kvw6ekwTSNpde48olfa87UKlnjmsrUtJriCKpywTfmzeYSbRQXuTLThXJmXR0oYc7g/TOudbX2dXrHaHl0DYvenHzFV6vzq964MSP5sOtr8vBl+JQ0mKax9BpXPvFrzZlayPNM3Fij/j3jjjXx+LXEJ8Dnqxs+VmWVaeYJO+0d7Yq/Y2Pv01U+ZLkrY+bNsVV21fJ01CgIsyh9oE3v6ZTBILH2DpiaYxfmKGPEOT5yajy1Jq6pMT7Bg3/5b/Pwsfdkhel2nLDT3tGu+Ds29j5d5UOWuzJm3hxbZVctT0dVwXkmbqxR/23q6ju5/q6OVb+Z0y5J/fgNH1uqvtmUHG0ho1Sri1UWQ6bW9IvJza4WujPwyhTfbKmysaXesoxdTF6UsEyo5GhV9lTc7Eovn8NCe9u5M1ZhtMZjkmfp/f9Cx8aW9/Sz0lNbyCjV6mKVxZCpNf1icrOrhe4MvDLFd1rOM3FjDd4ZHgTt27X+sr3Nxt6nq3zIclfGzJtjq+yq5emoURBmUfpAm97TKYNBYrQ8XX18zTdzlPFUbLX6ZlOy2qLraa+WjXFMPI6S/R/yF1ZlVy1PR42CMIvSh9rsnk4ZDPLBf+q7zjNxYw1/Zzw9CzC+kFplEleb8leNTUw6bZ+ayoV+PWrRPpIw66uEoHbdHBtrvQsldkfQmIUprr7a/VEotaQhZSoZ5rXWekm9L+MqT+3dwTH8J/9oniz10KlxtSl/1djEpNP2qalc6NejFu0j+WCWVwlB7bo5NtZ6F0rsjqAxC1OMP8/EjTXq38CbSd78+sWafjG52dVCdwZemeKbLVU2ttQXRsYuJi9KWCZUcrQqeypudqWv/HRy0jEYjVKTjV2NX9gdzdrae70NzNtFvp0azXKUVPKpNf1icrOrhe4MvDLFN1uqbNJSXhgZu5i8KGGZUMnRquypuNmVvvJt8nkmbqyRv4FffV39gl1Vmz2VjYI7jFZ54qTGV9XFj4Noam9sWp0qY01pih/fN9M0MYFx9a+ydUsdy96m4jcsitWuuspTGxvvkDHIKT9aleUV0vhqTr6qNnsqGwV3GK3yxEmNr6r7+R+tjq3P/3kmbqyR3xmLqzwtSVaPjQcQadOMltKobF3jkJFpFsG69yo2HatXZHyspbGp+A2WCetR95erGuJ1SzuSrsTKnq7epjWjfb0caRiDtDRls9o42rQkWT3GWk1M2jSjpTQqW9c4ZGSaRbDuvYpNx+oVGR9raWwqfoNlwnrUneXOM3Fjjat3xvrialea8HeGYFX2tPfmzCtr7aTjwDCpjhqtKhM0cnEORomtj8tqtSsmOR0YkqDGBtUkpyXM9qtqs6eyUXCH0SpPnNT4qrq+EbVLpqZTu9KEvzMEq7KnvTdnXllrJx0Hhkl11GhVmaCRX0DP/3kmbqzhO6PaeDVl6hUfLZrGrG2toXrzgXubPZ1w/yOMyjAG7YO0rta+Tu8YLdi46M3JV3y1Or/qjRszktjimuDr8ClpME1j6TWufOJmY0kG/7SrChbi2FpDtV2ianfmr+3phPsfYVSGMVjc6xrcSe8YLdi46HryeSZurOHfM9aXspriCKpywTfmzeYSbRRPRmWmC1199yKedo3mnCYe06tp4a8EbzYHfq7nJ17Mr3uoscGVKRhlMrnFeC2C0VrVW1Z9s3HgYr7iCKpywTfmzeYSbVQujjZdaPrBsYinXaM5p4nH9Gpa+CvBm82BHzj/PBM31sjvjPZUve2ir+/Z1Uz59eN41dsM2VQZcvrlufpGXdnTzSBYz1xPGC/FWr9W3p/T7I5YTVMmbdWkLXib1fbpnKvhU77dr6vetX3IfsabXtOr3mbIpsqQ08dy/ayO9nQzCNYz1xPGS7HWr5X355xn4sYa479N3bd2A0hfe7M/crtaDt7S0/0sJjSm2liF0RqPSerHr9bYUvXNpuRoCxmlWl2sshgytaZfTG52tdCdgVem+FUtT23cz37+K6M1HpPUf149/+eZuLHG1Tvj6irXezzeb2x9e5qPkTLtqjf8GEytVUllxq72EaaysespQzodMl0uQW1p7TKLS3TTrpYwXjPVRj76qxYsmsasba2hOn0OtTvzp3bVWNearrtY0VL1MdLFzQ0/BlNrVVKZsat9hKls7HrKkE6HTJdLUFtau8ziEt20qyWMzzNxY428M7xqi1tSBQvZaE1c00xLgM+TET5WZZVp5qM57R3tir9jY+/TVT5kuStj5s2xVXbV8nTUKAizKH2gTe/plMEgsTtHjGMxlQt9FTwdW62Ja5ppCfD7+X+tMfPm2CobW84zcWONN/zblNc6V/zm3bpv7b4u5tc91NjgyhSMMpn2jR1l1VrV72r1C2u9ptVXvtqo0WBGUsuHGu1q2mijkvhOY+xK/Koho9nehjRycQVea23yRzU2VgcSL+bXPdTY4MoUjDKZXCi8FsForVqffP3CWq9p9ZWvNmo0mJHUFne/TjvPxI01br4zpk/A1W2IVUHiRVe7tcQLMaagmaVxVOKpIRgfrGnXHU21CAzWeqpPB36EdrVW+FEg0wSjbLRoxmeJUpsjk/SONfE0fdXAavv5j93RVIvAYK2n+nTgR2htrfNM3Fhj+s6ol3L6bZna9GZLTgeGJKixQTXJaQmz/ara7KlsFNxhtMoTJzW+qi6ucDS1NzatTpWxpjTF1z20Ca0lgXH1r7J1Sx07nmXaGxbFatfVhMrv5/8Oo1WeOKnxVfXz5/k/z8SNNeo74+py58pW8g2WCetR95erGuJ1S3s0r8TKnq6+eNAx2tfLkYYxSEtTVhtbTEergoVstCauaaYlwLPnxseqrDLNpp96qsSu+Ds29r5q0Q9ZWsuE9aj7y1UN8bpl/UDGnj6EWpvWjPb1cqRhDNLSlNXGFtPRqmAha3aeiRtrvOrvGfXqj/GaqTby0V+1YNE0Zm1rDdXF039n/tqeTrj/EUZlGIPpt7RpYuv0jtGCjYvenHzFV6vzq964MSOJLa4JfnHrp1aHj/GaqTby0V+1YNE0Zm1rDdXFRbgzf21PJ9z/CKMyjMHiXtdgkZ5n4sYab/gbONaueOzqDoVpglE2WjTjw02pzZFJeseaeJpOB0JO+adWu8YJYV47vOnvtKNZyKYlyeoxbk0TkzbNaCmNytY1DhmZZhGse5/OmdpV19NFm2CUjRbNfv7X1vR32tFU2XkmbqwxvjO8iNMrfuc2YAsZpVpdrLIYMrWmX0xudrXQnYFXpvhmS5WNLfWkyNjF5EUJy4RKjlZlT8XNrvSVn05OOgajUWqysavxN23RdXPUQkapVherLIZMrekXk5tdLXRn4JUpvtlSZWPLx/n8n2fixhq+M3Ib8LlJ7cpeXej0Glc+8WvNmVola1xTmZpWUxxBVS74xrzZXKKNav9hPl1o/O9KLeJp12jOaeIxvZoW/krwZnPg53p+4sX8VPH7+U9cmTebS7RRn5/P/3kmbqyx+LcpL2v11UbmylBqSUPKVDLMa631ko7PyofMf4NdLQdv6el+FhMaU22swmiNxyT147d0bKn6ZlNytIWMUq0uVlkMmVrT32mvC436OxM0lFrSkDKVDPNaa72k+/mvjNZ4TFJ/nokba/DO+NIv/dIv+ZIv+bIv+zKCn3+AoMUI8GoEDKhiqj/v5/28yhgroyoDFMDjT+qA6VHsgHd1u2oA7MoSIUHTq6lKg1/wC36BsSU/CKALny7nmKp3pjw+aYNzRlDC0wJc1DmuAhTImxIIYlN4PJowtoDwaJivwDnAXgROkCQGBnjb8WkXXrEo63BJBH4iyborBYA4AQJaKEkaCNshs0nIFlyVnJnJboOYUloIZCgByRqrVCNgQBVTzeeVMVbm6kIBPP6kDpgexQ74cc8GwK4sERI0vZqqNPBuEljygwC68Olyjql6Z8rjkzY4ZwQlPC3ARZ3jKkCBvCmBIDaFx6MJYwsIj6Y+ogb2InDCeSZurME747i25wOhlzmu6rsbQEwV5DYEESRAc1QegKkpUCMoCeNjwFllLWN8BEDewKoIU78ABJmD4BCeIJWsGh4sGVNAySqelKoHEGgDAQJ9g70BafRJHShjFUBaDUmATBzac0VTYkt2JVYAHg0vlwhYAg6xBW8avSlAX8m6N/0YoGE5mccOXvaZKowpMHZ77k0B4NZEDAi8EcR6mGPGOUTGEqQz9QooER/CM64MAcgoYqpAxqqIIAGao/IATE2BGkFJGB8DziprGeMjAPIGVkUYPyOMaeYgOIQnSCWr5ov5+T/PxI01fGd47YCxL2SuL6kMsRdXzxW3qoexJGNa2/X2Nj5j02hpDPBuzDSNbsaYklW8C6WUajaQwCqyAFIPnC/k2QaoXSoN9JSqHk+q3oCSgYDHQwpTBASkaZFk4KF6pHgYQMBWTR+1l50I4zAJEBszyg9lKt/SR0MZZVVEmRTQBY6mkwfwpmqsglQTJM6QCksBDPqUDNyAaTwySZmQthPnfqVKTFUZfj//oHapNNBTqno8qXoDSgYCHg8pTBEQkKZFkoGH6rzjMIDgA5//80zcWCO/M4CXL1ecG8M9gJHkmgqrwBIIeeYvt0cQe49tl9EDFw1g0NQbqaY1pssg+gpafFgtxTvtkDw0R/0BeEkCAKMgpGI8lwUfTRAGL4wVG4d5lF+WACNvKiID4SGVGcDweeX1lNySgbE8Pl+8mhLTiwfoYdJF4HfSqjCto+o1F8SZCWSEM/HZNrGgSuonUnwMe/RSVSyfpzQBUGMACNRDWiINI5RZBSydgZDqgVVgCYQ88/c/I7HXx3YZPXDRAAaNpLGa1pgug+graKn3It5ph+ShOeoPwEsSABgFIRXjuSz4aIIweGGs2DjMo/yyBBh5UxEZCA+pzADGp8UYT8ktGRjL470pNT3PxI01/HuGF45rmjtBACPgJY/L/sX4MBnTiwfoYdJFwAdXE5jWUcRH5VESxJkJZIQz8dk2saBK6idSfAx79FJVLJ8jLwFQYwAI1ENaIpUJjxf1I+ARqJep0xwl2QSVEaQyknjTXHmnSRL4cdICvFbgzI8q7fBOwLdAhMTTTtdRf3cNAbzkscJjCQUhFeNZDh9NEAYvjBUbh3mUX5YAI28qIgPhIZUZwPi0GOMpuSUDY3m8l72lxPTiAXqYdBHkOgemdRTxUXmUBHFmAhnhTHy2TSyokvqJFB/DHr1UFcszoQVAjQEgUA95nokba+SdweXj2nmf6pW1aozA6wsUNJn3JgxocbpIGUVQvWJ9ZULihSU9SsDSxGiI9QaCOKuQ2mvJLr0gFtGATIM39TsgHxLfJoMsqg9SCuQh01IRhgBB/TgyVuEBQb0dj4llpgGyMEABaDywhCemmlFhhClQ7CgFpF6xVOWJQ8qEdwLewBKBJLEg1Ys8CWoM8MRMAOklfjQcJUjS/fwDYhENyDR40597z/95Jm6skb9ntGvqRfeahiTgQSHwqyWTKiB2SG6GKb6OSuAqxAYVkK6Skk+A67oN4Sg8QIMeuC68eqtAxiAe/aN2gBgSJBB1RYAyXuXR/UD2TBxvMG4GVLFwh2EI0NRtR1BP4ezwqLz7IC7aAgQEKiWN6ZKxPS2AuG7VEj68GyC2BAhy1wwEqV4ZMMbT7jQFgjRjXSVVgpBCGbwaSVD5bMYSwWPWyzTgHvCH6p3MhWiv047iA8QOsRHGFF9HJXAVYoMKSFdJKVeSuH5eR+EBGvTAdeHVWwUyBvHoH7UDxJAggagrApTxKo/uB7Jn4niDcTOgioU7DEOApm47AnaFl8wOj8q7D+KiLUBAoFKS4DwTN9bgneH98KrpYR7X8kiJwcibishAeEhlBjDcVHk9pdx7AmN5fH0CkhLTiwfoYdJFwBdGTWBaRxEflUdJEGcmkBHOxGfbxIIqqZ9I8THs0UtVsbxf9RoANQaAQD2kJVKZ8HhRPwIegXqZOs1Rkk1QGUEqI4k3zZV3miSBHyctwGsFzvyo0g7vBHwLhCmw3UAe70KSdTljvLLEeicIBfCSGZ4JMGqixJsSg5E3FZGB8JDKDGB8WozxlLJJAmN5vJe9pcT04gF6mHQR5DoHpnUU8VF5lARxZgIZ4Ux8tk0sqJL6iRQfwx69VBXLe/tqANQYAAL1kJZIZcLjRf0IeATqZeo0R0k2QWUE6XkmbqzhO8NLxnX0fpDmintlQ8qEzw0wsEQgSSxI9SIPtxoDPDETQHqJ5aMEkCmJKsALGBDGLgADnxRMNaKRBo6tEwApvPHR+hAbBKkqrt+iwOGgig2M8dEATwRjlfhMJnVXpiAT6hAEaqw656icpcBpWQjv3XQaQUXIx2IHiF2CAA+DF04Tzsw28ChJ64Ta8hj9shaemJLVyPCPnvLpZFKlaz//BjCikQaOrRMAKbzx0foQGwSpKv58e/7PM3FjDf9tSnA1vb4gl9IgSFXx59tdJ7DqnKNylgKnZSG832GnEVSEfCx2gNglCPAweOE04cxsA4+StE6oLY/RL2vhiSlZjQz/6CmfTkYvAzLKuE4wNgCH5F1jINMEnqdJ+YAOdy1vIqvUR8KNKbArWzUFDjFNAOlAU0HsVSWuXTWtAj8yMQGpJD4CgqwClBkjiLIiVcX1wwauAqrYwBgfDdjPv1WgEk9MyWpk+EdP+XQyehmQUcZ1grEBOCTvGs8zcWMN3xleULyXm4dYJhc0l14v1BNAKtC3x11SBhDTSOBTJXNU3pXwgJTepM4JaRyk+hj0/tLGkHoZYRpfcdQfcHXj8GEApF97lyMlUGBMlQA81C9D4CuORR5QIHPIT32CygchATFMYryarGIK1ABKpgbGKvHEMk3GHYy+NurTHlIQ59YLGa4SQ4jFWTuq8MzJcwWyK3DIHzFkttGQbWSUSld0mu1gP//gqD/g6sbhwwDInxvP/3kmbqzBO4OL5ZeEC+cVJDY4Lux5ZX0sgCQw9h7kHnv1M8ogYrwPUJbTO4RAkAJjBwKD8ASkxgnEQ/2iByFrCcgDGQc6vwaCOC2kNRam4MwPJCVwviB2PnAUpKnVQ3XKCLI9oRIYUyVAQKzsKJ5VGW+xMkHJxmwAGFDFW4Xx1nvj9PbigWkCewWpJ6PLWSKgVyYyAHPFSwJ5NwbyoYBVSlZtwZuGn8I5CI5Fzt0Cq8ZeBCAJjN0AvXa5SkYZRIz3AmY5vUMIBCkwdiAwCE9AapxAPNQvehCyloA8kHGg82sgiNNCWmNhCs78QFIC5wti5wNHQZpaPVSnjCDbEyqBMVUCBMTKjuJZlcmjgheUbMwGzjNxY436b1PCi5jriOdr7yX2iodHo1hSBhhHbJzUQwSQQhoHKkFiZY6VIXaU5GPJsttAPiRBVsQbBA6UN65wPlBgIElQ9VYz7eDOFJ/eg34EopYUc5XcPGldHS/Pd4DAGG9VSNIo0gIeU46dAEmryozxVQyM0RDYVWWOUvBQv+itWgoJ+GgpJa69wtRFRaqZCYglgUyNHVvTxiQIYJjpElb38+98oMBAkqDqrWbawZ0pPr0H/QhELSn+WXn+zzNxYw1/Z3jt9P53kCmXUl9vISWreEi9pVTla2AVWQCpB84X8mwD1C6VBnpKVY8nVW9AyUDA4yGFKQIC0rRIMvBQPVI8DCDwO28M7BXGYRIgNmaUH8pUvqWPhjLKqogyKaALHE0nD+BN1VgFqSZInCEVlgIY9CkZuAHTeGSSMnaZgsQEyEzxpimFdJP68DYK53NrWqMaNwOc4B0k8BYTAAO8D5Jp1t3PPwwg+Dn8/J9n4sYa/s7gkuWaeg/AcSXPO2RKbIkLXWMF4NFwfCcNcj8cYgveNHpTgL6SrmKsHwM0PsTgsYOXfaYKYwqM3Z57UwB8lBUAAmQwxHqYY8Y5RMYSpDP1CigRWwWmGdIEthyVB4hBhicQtQSMgftxiexBJqneK4askhlV2wmU6UXEkopBGo2tNi+MvVzEBC6UdmAK3G02A6pAL+OWJIkBZKqQwBjkTAThCdCLQ35u1ZTYUiYbKwCPhv38HwJKxFaBaYY0gS1H5QFikOEJRC0BY+B+XCJ7kEmq94ohqyTpeSZurOHvDK6aIDZtQdAYUu+Blx6G24Nvj6BVcDSdy+VLKwmMvX/02uXAjDKIGM8cuyzpHUIgSIGxA4FBeAJS4wTioX7Rg5C1BOSBjAOdXwNBnBbSGgtTcOYHkhI4XxA7HzgK0tTqoTplBNmeUAmMqRIgIFZ2FM+qjLdYmaBkYzYADKjircJ4671xenvxwDSBvYLUL7zLWSKgVyYyAHPFS4LKg6QtCBpDyqj9/FMC8kDGgc6vgSBOC2mNhSk48wNJCZwviJ0PHAVpavVQnTKCbE+oPM/EjTX8neF/IBB4BUGLvQ14Uq61Vzxesb4yIfHCkh4lyDufWG8giLMKqb2W7NILYhENyDR403zHKolvk0EW1QcpBfKQaakIQ4CgfhwZq/CAoN6Ox8Qy0wBZGKAANB5YwhNTzagwwhQodpQC0hzrdRRxSJnwTsAbWCKQJBakepEnQY0BnpgJIL3E8lECyJREFeAFDAhj137+8W0yyKL6IKVAHjItFWEIENSPI2MVHhD8bD3/55m4sYbvDK8anrimwDsBLAGvL8jNqJCU9/bwBNjuqPBoFGf40fdueHjipH7HACmkcaASJFbmWBliR0k+liy7DeRDEmRFvEHgQHnjCucDBQaSBFVvNdMO7kzx6T3oRyBqSTFXyc2T1tXx8hwcBMZ4q0KSRpEW8Jhy7ARIWlVmjK9iYIyGwK4qc5SCh/pFb9VSSOCBYilx7RWmLipSzUyQpQkyJClAb2AJpL2NEpLyxPj9/DsfKDCQJKh6q5l2cGeKT+9BPwJRS4rf9vyfZ+LGGvl7Bshlrf9d6f3A19tAySreK55SqvI1sIosgNQD5wt5tgFql0oDPaWqx5OqN6BkIODxkMIUAQFpWiQZeKjOpxYGEPi9NQb2CuMwCRAbM8oPZSrf0kdDGWVVRJkU0AWOppMH8KZqrIJUEyTOkApLAQz6lAzcgGk8MkkZu0xBYgJkpnjTlEK6SX14G4XzuTWtUY2bAU7wDhJ4iwmAAd4HyTTr7ucfBhD8XH3+zzNxY436zvCZ4wrCeA+SHvXzpjYeLyiRKogsvCUZehUASzLGwmqUBJK1Og1E5hP8E//EP/EzP/Mzf/SP/lH4aOCZ6VigGBjjnXAUzyPGtO0EmR4+pMGj4QWkCBSbAo8JUnvDTxmgGIQJZA7te+J6T4HVtluVBOwH3q90xML4oT4CT5OkbWN4JmSIe6gaN6AMn+uQnViSMa3tensbn7FptDQGeDcWvl6r7MT0qD+UI48XrqggsvCWZNweAbBUNyysRkkgWavTQGR+AgCvV8BMxwIFwBhv41H8Ynn+zzNxYw3eGV4yPFeNwBhPmit70OclBgoEGhh8nZOHTN45NQV2AUsgY9sSQlKe+K/9tb/Gm+BX/apfZeocAjwaxZJ5ZxCDiI2T1j1DGgsn/PW//tflj6ZHFz77MXaUJN6AEj6QD0mQFfEGgQPljSucDxQYSBJUvdVMO7gzxaf3oB+BqCXFfs9N6+p4eb6lBMZ4q0KSRpEW8Jhy7ARIWlVmjK9iYIyGwK4qc5SCh/pFb9USMLC9MqQ2hn+0HUgvcPWs5ZyP4fnHs4rtjgqPRnGGH33vhocnTrp4/oFKkFiZY2WIHSX5WLLsNpAPSZAV8QaBA+WNK5wPFBhIElS91Uw7uDPFy5xn4sYavjMAVw0QcAXxXMEwj6t7IDwaX+DGBvYicIIkMTDA245Pu+B5xUdZh0sigMzqzPedwWmuAFg1QJBv1K/8lb+yvjNsR5ZNQraglXhb+M5wZiYjcyAaW6zaCAOyHJCxREpJWCVwOWNTQABjr7EeKABJWxA0hpQh+SAwbomLDEMMqcbgaDqX80YASWDsrtwkjAMzyiBivHc5y+kdQiBIgbEDgUF4AlLjBOKhftGDkLUkkjINXwVH0wPh0dRH1MBeBE6QJAYGeNvxaRc+M1HW4ZIIvOySdVcKAHECBPXmGgjbIbNJyBZclZyZyW6DmJItVtXDgCwHZCyRUhJWCVzF2BQQwNhrrAcKQNIWBI0hZUi9RAw/z8SNNfJvU15EvGkQEnirEuPVeC+tCjWAkqmB8Vd+5Vd++tOf/pEf+ZEf/dEf/akDf+pP/akq415GXxv1LqSXFMQ0jsw//o//4+13hiBmOHN8ygVpNIf853/jN34j7b4z5CuyjYxyw3jIQ3LOIUCgHihoMncSBrQ4XaSMIqhesb4yIfHCkh4lyKUj1hsI4qxCaq8lu/SCWEQDMg3eNO+MSuLbZJBF9UFKgTxkWirCECDw44QnPYqPNAgJslVjvBpHWRVqQLZhYKwSTyzTZHmKQG3Upz2kIM5NFDJcZ4YQi7N2VOGZ41MnsitwyB8xZLbRkG1klEpXPCTvzVEPFDSZOwkDWpwuUkYRVK9YX5mQeGFJjxKw9HkmbqyRd0YuH14cl/p8ZE/qgOlR7IBnAoFdNQC/9tf+2h/6oR/66Z/+aY/gih/+4R9Wo95tZDMwBnmkLPlfXqBuPhswJfZflr7v+75PHg+UNTin4Sd/8if//J//83/rb/0t3hl0uahzXMVRimUsicfcFyUeTRhbQHg0nqTGBvYicIIkMTDA245Pu/CKRVmHSyLwE0nWXSkAxAkQ0EJJ0kDYDplNQrbgquTMTHYbxJRssaoeBmQ5IGOJlJKwSuAqxqaAAMaS7SmBQ36uflIHTI9iB7wz7aoBsCtLhARNr6YqDXIFLHnjAF34dDnHVL0z5fFJG5wzghKeFuCiznEVoEDelEAQm8Lj0YSxBYRHUx9RA3sROEGSGBjgbcenXXjFoqzDJRH4iYjPM3FjDd4ZXLtccQNujCCWlzS2ZFdiBeDR8HKrgCV+VfzET/yErwfBm+PHfuzHeFXwFqHK6yT6DGF+3Zs+Aec4cwjQfPaznzXOHmrV3xm8M/xHKkr1SYKHRMOj4+p0OQqZVXjeGX/tr/019KBqKBFAOlOvwPlWgSkl0yaw5ag8QAwyPIGoJWAM3I9LZA8ySfXskwBZJTOqthMo04uIJRWDNBpbbV4Ye7mICVwo7cAUuNtsBlSBXsYtSRIDyFQhgTHwsFATngC9OOTnVk2JLWWysQLwaBief+AQW/Cm0ZsC9JWse9OPARqvD3js4GWfqcKYAmO3594UgOnzD0OshzlmnENkLEE6U6+AErFVYJohTWDLUXmAGGR4AlFLwBi4H5fIHmSS6r1iyCp5nokba/g7g+uVl63X0bheaKEAHn9SB0yP4nvgZfBTP/VTHLuCN8dnPvOZT3ziE2f5pStLhASuAgxya63mrcDtN7bkB6nvjPzOYA6/FTj9mUbJmfyMyMuA1EDUP4T4ziAIEOBpAS7qPvGSCuRNCQSxKTweTRhbQHg0zFfgHGAvAidIEgMDvO34tAu/2FHW4ZII/ESSdVcKAHECBLRQkjQQtkNmk5AtuCo5M5PdBjElW6yqhwFZDshYIqUkrBK4ijPzeWWMbVcpFDjwpA6YHsUOeBe1qwbAriwREjS9mqo0yBWw5AcBdOHT5RxT9c6UxydtcM4ISnhagIs6x1WAAnlTAkFsCo9HE8YWEB5NfUQN7EXgBEliYIC3HZ924RWLMtXzTNxYw7+Be3FB7oQk3oASPpAPSVBvkgHgZwRnruBXBe8Ph1c4H6QRL0lQ9VZliOt7Ir8z1ACrTvDo551B/A3f8A3EeEv+BDGlyw/FM/T4eF/yJb5O4CH/y//yv+R9o4BGkRbwWPXlKyRpVZkxvoqBMRoCu6rMUQoe6he9VUshgV8GS4lrrzB1UZFqZgJiSSBTY8fWtDEEYVLVAxfSRwkISOEfDS8PFQHeg0moAQQg5yY+sqPyDjDo9TKMPWacewDEriV5FM8qPpAPSZCt4g0CB8obVzgfKDCQJKh6q5l2cGeKT+9BPwJRS4q5Vm6etK6Ol8/zT4y3KiRpFGkBjynHToCkVWXG+CoGxmgI7KoyRyl4qF/0Vi2FBB/4/J9n4sYa+Z1xXMaP7JZ88pOfzM8Lflvkn54yExBLApkaO7amjckvCZi8M9QAqy5Xfy4g4PTnTXDM+zJk/IAgoNSOpLx1AB/WLuLXHkkq9aSQlkxBBkpaZcWQBvAJJKMHzLFKAC+IKcmLkUGGdwIwrqiCR8P7W5KEIQ6pp5Q9GANKicHR8RDzeYG9XJAMEcZ4WmTsdXiqTJCx+tAdk6ssAR6orDvRA7oqCdyhpcS1V5jCn/lsJnBXQqbG+QhJG0MQJlU9cCF9lICAFP7R8HLXCPDt+UcDCEBuDf7n8PN/nokba/jOyPfKC31czPMmyXNfCYzxVoXkcY8eoPS1X/u1f/fv/l0OXPz3fM/3yCtzoLKv+7qv++7v/m5+i4BPf/rTMEIZmgyvKzqKtP62yPluCeSNwkfLO8NHnxIvAGUEpJCmLgr830rhiZ3pv025H2FLjf1cNW0MQZhU9cCF9FECAlL4R8MRS+L39xwYV1TBo+H9LUnCEEt+tM+/DHhMORYCklaVGeOrGBijIbCryhyl4KF+0Vu1FBL4GFhKXHuFqYuKVDMTEEsCmRo7tqaNIQiTqh64kD5KQEAK/2h4uWsE+I/2+T/PxI01eGfkSQJeQQOvY26SpeOuPZjweMGNwfMm8IXx0z/90/5jFGTuCimvh7/xN/6GmoDXhgJ8WgSpjCTe9M/9uT9HIwEteWcg8OP4RiEAv+pX/Spi3hmmvkJ+22/7bd/0Td9EQHqs85ic4Cd/8icpTcGLRE0eyuxZGOOVJdb7MYUC+Hx2yUwwUEbVAA8oxVuNWKbFDlcjYEAVU/XbFcZYmWsJBfD4kzpgehQ74F3drhoAu7JESND0aqrSILfDUo4JuvDpco6p+o/2+QeSCNTL1GmOkmyCyghSGUm8ae6U0yQJ/DhpATBowJkfVdrhnYBvgTAFthvI43PBIetyxnhlifVOEArgJTM8EwyUUTXAA0rxViOWabHD1QgYUMXnmbixhr8zctW8sjK5K8YPxUsJeLlBWkB+YfDC+OQnPwlDiV41/Kqo/0NblD/1Uz/1oz/6o7wwvu3bvg0NSuAoIEOAz3LEj+Xf/7cj3gfE/t+Eq/zrx/8VHgHV+m9TpEzglYCA3w3AFngb9aThLeVftBSoATLGwmqUbpigVqeByPwEAF6vgJmOBQqAMd7Go/j4Yh/FR9p2gkwPH9Lg0fACUgSKTYHHEKm94acMUAzCBDKH9j2xR3Cdhm+7VUnAfuBpSRUvjB/qI8hRa5oJSQ3wjsIbPxRllI0gLYkVy5jK443xCdC47fA2ggjwxJLEjAKmxvVaqUx61B/ikccLSqQKIgtvSabuxJKMsbAaJYFkrU4DkfkJALxeATMdCxQAY7yNR/F1z/95Jm6s4TsD1HvgRTTwyoYkrbdBEFP9yq/8Sl8J+K/4iq+Q19f/9RSvih/7sR/j5wi8zzqBsWsJmNxUY2GVIP/6ROr/Mooz3ar/A1ngVn1nQFIiZavEvAMg89dvjxJKpHrhfICe14wMYAOW8OizsaP4YBzy2PHLo68AEIdEVlOAIFcYqE+Ad7Ig9sSRrAL8sfgDpHUm8POmpQLGXuPqDSjV5WRE5ZMSyJgCUzwMHkH4aB7jDoQxsAX4wRFAkhLEVygITxeX4jHuZYfyWcU4pO0hSa+ef2AsCYwf0pcAr8yUzRgYu5aAMcUbC6sEkASjFwhYyK2e1AHSY6ePPaSK93mQ14u0H03nBwR1A/DZ2FF8twS8SqAAEIdEVlOAoD6r6hPgnSyIfQwkqwB/LP4AaZ0J/LxpEeeZuLFG/Z0BiLnEXG4u8UkdVz8aAmNviaTw/wLjb//tv83LgxSZo773e7/XHx94flLkdZI54NFfvh6WAIE7CQOM82cJ9f4PogSHu28US3lnsFCG05v/0a2oq7urfKmIfWcQkApixHpSey3ZpRfEIhqQafCmHiLyIfFtMsii+iClQB4yLRVhCBDUjyNjFR4Q1NvxmFhmGiALAxSAxgNLeGKqGRVGmALFjlJA6hVLVZ44pEx4J+ANLBEIYnjINzz/gQshyyiVeHutGiNQDxQ02dXzL6J3CUYRVK9YX5mQeGFJjxLU519vIIizCqm9luzSC2IRDcg0eNOf3ef/PBM31vCdUW8MMYAkPS7meZOMga9ogcYH63u+53uO4/pnvvZrv1a9t/9P/+k/Lc+Pj1/za34NjKvgDfKdBwmAVXaCwFgehhjwVvB/8uQGLOndoSlQ7xBgiS0xgQAm3w2rWQ6fmcYPxUsJoCQGdYfGimVM5fHG+ARo2HNSGREBnliSmFHA1NgrqVhl0qP+EI88XlAiVRBZeEsydSeWZIyF1SgJJGt1GojMTwDg9QqY6VigABjjbTyK7/4bk7jtpG6PGH9MfXcNwSF8t4RPl0BThwOHgNwOU8UE8QbKMsEAWKUdgbF8BgLTtz3/mY/fzz+gdJ6JG2vwzqgXDnDtYLy43qd6uWGEKaD6iU98wl8SP/RDP2TJ+/eZz3zmeF88/o8z4GGALXgY/Ld927d9+tOf9k1DIyCw9FCX5xKQ6oF/kzBVY4AnZgJIL7G8jP945d8/LIkIjAUMCIPeAAY+KZhqRCMNHFsnAFJ446P1ITYIUlXMd16+wuGgig2M8dEADxpjlfhMJnVXpiAT6hAEaqw656icpcBpWQjvyeU0goqQj8UOELsEAR4GL5wmnJlt4FGS1gnygaMiMJWXEaZAMR5SAanPf6ryxCFlwjsBb2CJQJJYkOpFzno1BnhiJoD0EstHCSBTElWAFzAgjF0ABj4pmGpEIw0cWycAUnjjo/UhNghSVfxRPf/nmbixhu8MkDtnClrsmYLMy20VD374+L/d45fEoX2QaHgNHO+LxwsDhttTG3md/PiP/7gCkP/d1GNcAS1+/SzF5/80T81Rf4Ahj7b3H3QEIRXT+9nPfpY4miAMXhgrNg7zKL8sAUbeVEQGwkMqM4Dh88rrKbklA2N5vDelpcT04gF6mHQR5KAJTOuoes0FcWYCGeFMfLZNLKiS+okUH8MevVQVy+drX7//agwAgXpIS6Qy4fGifgQ8AvUydZpQAM78/WnEXh9kdlnFA6cFMGgkjdW0xnQZRF9BS/sgeqcdkvNDCXhJAgCjIKRiPNcZH00QBi+MFRuHeZRflgAjbyoiA+EhlRnA+LQY4ym5JQNjebw3paXE9OIBeph0ESye//NM3FiDdwbXMTcPeBFByOPCPtBIg/zIqP83Fl/5lV/5t//234bkhZFeA2SWBLH/79rWwyLwZgPHEuR/BevfJ2CiAXlogFvFZzKpvf41G2RCHfJY6Rhi1TlH5SwFdOGzEN4n0mkEFSEfix0gdgkCPAxeOE04M9vAoyStE2rLY/TLWnhiSlYjwz96yqeT0cuAjDKuE4wNwCF51xjINAG3qaZ8QIe7ljeRVeoj4cYU2JWtmgKHmCaAdKCpIPaqEiPIJwJWQf2YopEGbqlOAKR1M4oNglQV1w8bOBxUsYExPhrw9Pl3V6YgE+oQBGqsOueonKXAaVkI71V1GkFFyMdiB4hdggAPgxdOE87MNvAoSeuE2vIY/bIWnpiS1cjwj57y6QjOM3FjjfzOAF678YLWG4DnFspY9UcG536V/eiP/igk7wP/F7cqgbylP/fn/txXf/VXpwVNJoC0AGJ5gjxAiI0tkRqLuhl8Asc+FKVLBu9Cer5+zCdwVAInBOHBSb0PS140U2M/Aqlkqo+eAjcjn6VrrySpVwOoB8RUgbEkMH5IXwK8MlPP9KP+iF1LwJi6YbywSgBJMHqBgIVy4wLSY6ePPaSK9xCU14u0H03nBwR1A/DZ2FF8twS8SqAAGOPVAAJSh6Tq7Uv1oXu5pwRhogcqBTFATEuuM17yqkWewIuTCcSWSI1F3Qw+gWMfitIlg3ch/Rfh83+eiRtr+Ddw8bicB7h8jWlxvsnAHw2f+cxnHg3Hzfu1v/bX+mLwlwcabzC/OeR5zUA6Sq8AGOgf4wpo8TtmKR4xpUPy0Bz1B+AlCQCMgpCK8Txt+GiCMHhhrNg4zKP8sgQYeVMRGQgPqcwAhs8rr6fklgyM5fHelJYS04sH6GHSReDXzKowraPqNRfEmQlkhDPx2TaxoErqJ1J8DHv0UlUsz4QWADUGgEA9pCVSmfB4UT8CHoF6meCQPKCgMi32+iDLED1wbwEMGkljNa0xXQbRV9DSPojeaYfk/FACXpIAwCgIqRi/n39xnokba+R3hhcxV9kAL7zQueh4q/7R4u/+3b+rAIbev/E3/gZk/lUKhuoP/dAPHe+Ld28XeQN71R/Fd6vXQNgFEgB4vQJmOhYoAMZ4G4/i42A6io+07QSZHj6kwaPhBaQIFJsCxrqKveGnDFAMwgQyh/Y9sSdInYZvu1VJ4LmQLyEMXhg/1EeQL5tp2xieCRniHqrGDSjD5zpkJ5ZkTGu73t7GZ2waLY0B3o2ZptHNGFOyKohdjtiqpLBLQWThLcm4PQJgScZYWI2SQLJWp4HI/AQAXq+AmY4FCoAx3sajuJ//M8afZ+LGGv7OyDHBBcUDrzWe2MBny6og9R+m/Cs3DHO+4iu+wj9v+H+1B8nM/PLghXG0PvCJT3wi/+ffKPHEgiqpN1gxAqdRVSzPrloA1BgAAvWQlkhlwuOFDyKQRKBepk5zlGQTVEaQykjiTXPlnSZJ4MdJC4BBA878qNKe+4JvgTAFthvI411Isi5njFeWWO8EoQBeMsMzwUAZVQM8oBRvNWKZFjtcjYABVUw1V1XGWJlriQiiz2TFeGKDXOfA1N7ER+VcFBDX3coIZ+LdEp5YUCVlWnqPYY9eqorlvX01AGoMAIF6SEukMuHxon4EPAL1MnWaoySboDKCVEYSb5or7zRJAj9OWoDXCpz5UaUd3gn4FghTYLuBPN6FJM8zcWMN3xlcNS4Z98CYwMtaLy4xgc9xGP+vu3kTWAXEMD/90z9tyi1Br+wnfuInTOHzhw1eMLxdXBTesYAAyAgEPiLE4SFNgV0EGSVIKck8dAURmDqtzjzq52c3pQoyMIggQT4FgKkpUCMoCeNjwFllLWN8BEDewKoIkwtlmjkIDuEJUsmq4TrLmAJKVvGkVL2VoA0ECPQN9gak0Sd1oIxVAGk1JAEycWjPFU2JLdmVWAF4NJRLhFdgTKBGHwFBe/6JQarywBjkKglTePR1FEhMCUimChDs55/gEL67swRWRZhcKNPMQXAIT5BK4s8zcWMN3xleVi9cDQBVvFfcWBIg89z3/1hPjX+04PdHZP/MP/PPKPun/+l/mpTn3l8nAa8N/0/HGZhbq28bM22g+lhmACU8LYBFiZ3jKkCBvCmBIDaFx6MJYwsIj4b5CpwD7EXgBEliYIC3HZ924eMeZR0uicBPJFl3pQAQJ0CQ0wrGQNgOmU1CtuCq5MxMdhvElGyxqh4GZDkgY4mUkrBK4CrGpoAAxl5jPVAAkrYgqAxxZsokACqzekjQ9Gqq0iBXwJI3DtCFT5dzTNU7Ux6ftME5IyjhaQEu6hxXAQrkTQkEsSk8Hk0YW0B4NPURNbAXgRMkiYEB3nZ82oVXLMo6XBKBn0iy7koBIE6AIE8pjIGwHRJ/nokba/jO4ILivXD1yuZq4iMg4IZRzb84EQOr/kn805/+tC3Av2TwI0MZ8GdHhXpAlRYCRgFJGYGA1fM9DGkK7CLIKEFKSeahK4jA1Gl15lE/P7spVZCBQQQJ8ikATE2BGkFJGB8DziprGeMjAPIGVkWYXCjTzEFwCE+QSlYN11nGFFCyiiel6lcRtIEAgb7B3oA0+qQOlLEKIK2GJEAmDu25oimxJbsSKwCPhkP2tue/toBU5YExyFUSpvDo6yiQmBKQTBUg2M8/wSF8d2cJrIowuVCmmYPgEJ4ghTzPxI01eGd4vbhwXko84LnESxIfF/a9+we+9Vu/leOeF0BuAIHvAJWSviH+9J/+0zK0j++M7/3e76WkwGl44FpugNgSIPBpSCBI9cqAMZ52pykQpBnrKqkShBTK4NVIgspnM5YMkgKWY+bv+l2/6w//4T9MGkGCbDLIfDy9BGokidU0pX6qNJUhttdY3kClVQJjPGnEB312AQXC5fB1DtcnVRjn1BTYBSyBjG1LCEl5Yjyr2O6o8GgUZ/jRd35AS3jgdZbMM3BUzoEA8RggIFApaUyXjO1pAcRtk/rwboDYEiD4gn7+z6QIEmSTQebj6SVQI0mspin1U6WpDLG9xOeZuLFG/p4hjPEJ8F5rU+/ZUX/3zkj11/yaX+M7gJg7IfyT+Nd+7ddCKsv/41SCnyZf8RVfgZKFPFMcKEjh3UOqeJ+87/7u7/7jf/yP/4k/8Sfw4Fu+5VvSni4YwHxLeHjSQ3VWI37s+FACBYA4JLKaAgRuTKhPgHeyIGbn7JOdk1YB/lj8AdI6E/h501IBY69x9QaUXMJURlQ+KYGMKTDFw+ARhI/mMe5AGANbAB+BGAEkKUF8hYLwdOUkgmSCsAosgZBn/rJtQew1tF0mXoRJgFdsygQDY7cqYOrO8cIqASTB6AUCFnrt8y+vF2k/ms6PCeoG4LOxo/huCXiVQAEgDomspgDBa5//x2Ive5PUH4s/QPrxP//nmbixhu8Mrp3X0dgrGN6SjPeGAHj0+ztD2ac//WlfA1UZRs2j8/hTuf+KRXv+F1Yi8xMAeL0Chn/VV30VL4nf+lt/qwIAw3+/KyBVnCePeHxu9PAhDR4NLyD1s6QKGOsq9oafMkAxkMnvjDCH9j2xx1Odhm+7VUnAfuD9NkYsjB/qI8h3z7RtDM+EDHEPVeMGlOFzHbITSzKmtV1vb+MzNo2WxgDvxkzT6GaMKVnFu1BKqWYDliLDp5HAkgy9CoAlGWNhNUoCyVqdBiLzEwB4vQJmOhYoAMZ4G4/i5+nzXyFzaN8Tf/zP/3kmbqzBO4Or7OULuI4wXk2qpvIyol5uNZAKSOu3Oo3EIWXCOwFvYIlAkliQ6n/fAb8S0RioYQJIL7F8lAAyJVEFeAEDwtgFYOCTgqlGVJLfGb4zHFsnAFJ44/QaBKkq5jrIVzgcVLGBMT4aUL9OKvGZTOquTEEm1CEI1Fh1zlE5S4HTshDeu+k0goqQj8UOELsEAR4GL5wmnJlt4FGSZgKQDxwVgam8jDAFivGQCkg/18+/+AJ9/k2BY+sEQApvfLQ+xAZBqoo/kuf/PBM31vB3Rq4jQe5fGFBvoUEgc2jfE/udqdPwlOptU0nALYenJVW8MH6ojyDn2nd/93fzX+ttY3gmZMinPvUp/80K8IsExg0o+2f/2X82/6gFfvWv/tXwvIe+8zu/k3aUpOA3/IbfQPWTn/wkMTzrIqDXrvBf//VfT+pAXgmSj/4jgDnkD7ATNsYcBdkPF8FF3b9VvJ8xpVTla2AVWQCpB84X8lxMr3m6VBroKVU9nlS9ASUDAY+HFKYICEjTIsnAQ3U+dTCAwKPQGNgrjMMkQGzMKD+UqXxLHw3DWFN3Uhkw3YmQObTvib1WdRqekswh/6Dn37RtDM+EDHEPVeMGlOF9JChlJ5ZkTGu73t7GZ2waLY0B3o2ZpvFn/fk/z8SNNXhncCkfV/fl9uSCCmIvKDL5VFM6rvm758zUOSGNg1Qfg95f2hhSLyNM9Z7C/v/gJCNcnYD/kPdcBsg8rIkR86DwboDxxGchTnzfGd9x4DHxZaavh0984hOP/X3JlzAW8NrIQnbxtlBPit5/JSNF41qPiQdIETNEPQLIxHhlrPVYoHwH1ABKpgbGKvHEMk2W7ySojfq0hxTEufVChmvIEGJx1o4qPHPyXIHsChzyRwyZbTRkGxml0hUPyXtz1AMFTeZOwoAaZ5821l5A7HBk8qmmdKz/+ID0JnVOSOMg1ceg95c2htTLCNP4iqP+gKsbhw8DILl3BC5HSqDAmCoBeKhfhsBXHIs8oEDmkJ/6BJUPQgJimMR4NVnFFKgBlEwNjFXiiWWaLE8RqI16Gs8zcWMN/22KK5hvTkW9sl7c3BJjfDTAZ9FYJb59JyMAmVCHIFBj1TlH5SwFHLucxf4sUOYXm2m8Hig9RC/4Lb/lt8hQzU8Hl4DEuwcOdOA08TVf8zWIeesQI3BR/2gPg9KXigJQ56Mn5g3xVV/1VZRInQzj38BNDeJlAKNA4jrB2AAckneNgUwT1EMB73eJ2LW8iaxSHwk3psCubNUUOMQ0AaQDTQWxd4q4dtW0CvzIxASkkvgICFglMltAqvLAGDBfDUBTP2zgKsAWAsQGxvhowMf8/DstC+G9aE4jqAj5WOwAsUsQ4GHwwmnCmdkGHiVpnVBbHqNf1sITU7IaGf7RUz6djF4GZJRxnWBsAA7Ju8ZApgmunv/zTNxYI78zcllz24A3jCC3VpDmFj50BRGYOq3OPOrnE2BKFWRgEEEC9yNgSPNvRBz0agQn+6c+9Sn1TuZnBDLObtbyxeAEBQAehl8MvIQgiYWHPq8EL5Q/MgjUE9DiNMEof9awN9fi9cBjCu9YvP+7KSfgYagynxgQH5PeIY0N9gak0Sd1oIxVAGk1JAEycWjPFU2JLdmVWAF4NJT/ZrcEHGIL3jR6U4C+knVv+jFAw3Iyjx287DNVGFNg7PbcmwIgGaVVUkDVGBJ/1B+owx+6gghMnVZnHvVzP6ZUQQYGESRwPwKmpkCNoCSMjwFnlbWM8REAeQOrIkwulGnmIDiEJ0glq6Y9/4CSVTwpVeZLtoEAgb7B3oA0+qQOlLEKIK2GJDjPxI01/J3hVQN+CevV5HKTehcJHhe+3Bt4oBJPTMlqZPhHz0tqEC8DMsq4TjA2AIfkXSPImyO/BkzB93//95/Rga/+6q9mOAE/O5D5H4as4vcBcMT7SnAzVBnuO4MYcNajcYcAjb88RF2ORqvf+q3fqjJdvjOSetkV1KvkHvQRELDtyGwBqcoDY5BvozCFR19HgcSUgGSqAAEtXq7aZQrsIqhjASklmYeuIAJTp9WZR/29T0cVZGAQQYJ8CgBTUwDDnEP7gDdCxir6LERgV1rggUo8MSWrkeEfPS+pQbwMyCjjOsHYABySd42BTBNws2rKB3S4a43PP3BjCuzKVk2BQ0wTQDrQVBB7VYlrV02rwI9MTEAqiY+AoD60toBU5YExYL4aYQqPvo46z8SNNXhncLG8avjjUj/gBfVS4gUMCGMXgIFPCqYa0UgDx9YJgBTe+Gh9iA2CVBFzOn/P93yPPEe2f/QGDgcR8w5IlUZ8NLwP+N2gDFD1d4b/r5sAVqkCwOnPO4AJGQKOpR4aq360lOr/1pYuvAK9XyGnEVSEfCx2gNiPQICHwQunCWdmG3iUpHVCbXmMflkLT0zJamT4R89LahAvAzLKuE4wNgCH5F1jINMEH+Fp6GaMhXPU4AVMeoFdAAY+KZhqRCMNHFsnAFJ446P1ITYIUlVcP2zgcFDFBsb4aICXzlglPpNJ3ZUpyIQ6BIEaq845KmcpcFoWwvusOo2gIuRjsQPELkGAh8ELpwlnZht4lKR1wnkmbqzBO4NLJryUj4t9fAO5jl5TeS+uVSBjEO+lF8SQIIHwiQxQxqs8uh/wpjaNwbgZ4P9yyR8EnMj+GqgCAgZCco7n/5LjqJ8HEJq8M9QD/57xyU9+0kXzzgC208JAAsmj6bwUpPxqqb9LADEkcxRYwgM/b847S4DAL20CQapXBozxtDtNgSDN2BwNlghCCmXwaiRB5bMZSwZJAcvVmREkyCaDzMd7X9RIEqtpSv1UaSpDbK8xwUN9wPih+8J8/qtYuMMwBGjqtiPwOktmh0fl3Qdx0RYgIFApaUyXjO1pAcR1q5bw4d0AsSVA8DE8/+eZuLGGvzO8DVxBAi8fnlTkslIl9aJDgirQy6AJ+bh17z83kMAY1G8RGlcByhwCfKydDPjPf0vx/pVbGa+EvD+EMtoRqOQ1AJ+BgJTfBPyqODoeJTzn+/d///f7B3NS30aIszF+stDyT/1T/xSx0/wIR/FRzU5IETAKPa+ZLB0xM4mBw2usWMZUHm+MT4CGj5lURkSAJ5YkZhQwNc4Fh1GZ9Kg/xCOPF5RIFUQW3pJM3YklGWNhNUoCyVqdBiLzEwB4/Rfi86+YIN5AWSYYAKu0IzCWz0Bgmg24bVuSAsUOAZYyH++Eo/ioZjl8Zho/FC8lgJIY1B3WyTKm8nhjfAI07DmpjIgATyxJzKjzTNxYw98ZXC/g5RNeVvl6xUWutQIDSYKqt5ppB3em+PQe9CMQtaQ4X2ZSF+Ls5tglkP8n/8l/kqPZv1IoIAWm+K/6qq/KvxHB0EuVGEDyG8VD3z+Vo7Tk2wXk9eM7g8BNOhxSDTH8Jz7xCTSuBSj5qwKgN3XzgI+WUuL0mgJTFxWp0mgVuB8hU2PH1rQxBGFS1QMX0kcJCEjhHw0v944A73Ej1AAC4IeVj+yovAMMer0MY2Ws4kldVE8KMlDSqmeZpAG83iBQIB9xwHwDBQaSBFVvNdMO7kzx6T3oRyBqSfH4/FvFy/N5CYzxVoUkjSIt4DHl2AmQtKrMGF/FwBgNgV1V5igFD/WL3qqlkODz5/k/z8SNNXhn5Cr7Zjb2OlKy6pXFm4Yf4YR6J4gliUV6iSsPKCE+xj8gYwneIPCkDjipHQuo4n0xCP7TnjPd4Vb5LQJpCQ/vFfC1IT71qU/V/+GsM/nlgZiYOdkkLwnnCN5AWcguSAVf/dVfzdK+M6wSeInwwIFJnRPSOEj1MehlSyEJIPUywjS+4qg/4OrG4cMASI9mlyMlUGBMlQA81C9D4CuORR5QIHPIT32CygchATFMYryarGIK1IBjC4+LA77gnv8IGPJQly3Bt8A9OFwS78ys6BVIFV/FeKGeAFKBPie+jKQMIKaRwDe3zFF5V8IDUnqTOiekcZDqY9D7SxtD6mWEabw4z8SNNXhneJPEefGOu9WYFntYHPf0/D7ogXcogEGT20aspjWmyyD6ClrqMRTvtENyPnwCXpIAwCgIqRjPc4yPJgiDF8aKjcM8yi9LgJE3FZGB8JDKDGDyNdZTcksGxvJ4b0pLienFA/Qw6SLIFzgwraPqNRfEmQlkhDPx2TaxoErqJ1J8DHv0UlUsn9MnAVBjAAjUQ1oilQmPF/Uj4BGoTywOyQMhz/z9acReH2RARg/cWwCDRtJYTWtMl0H0FbS0D6J32iE5P5SAlyQAMApCKsbv5x+cZ+LGGv49A9RbQgBkQEgvfUg9JXhvgzGglBgcHQ8xdwjY69MvL4zxtMjY6/BUmSBj9aE7JldZAjzIHgAxQExL3YPkVYs8AV0GTiC2RGos6mbwCRz7UJQuGbwL6dkb8wkclcAJQXhwUu/DktfH1NiPQCqZ6qOnwM3IZ+naK0nq1QDqATFVYCwJjB/SlwCvzDT3xdi1BIypG8YLqwSQBKMXCFgoNy6AlHECkAEh80Ek9Q7EJwaUEoOj4yFmXWDvfv4J7JLBu5D+43/+zzNxYw3fGfVGesNyGwA3r1aJ8d5OQJqbITKhDkGgxqpzjkq/007LQngfTacRVIR8LHaA2CUI8DB44TThzGwDj5K0Tqgtj9Eva+GJKVmNDP/oKZ9ORi8DMsq4TjA2AIfkXWMg0wR+/5PmS+Ja3kRWyY0DbkyBXdmqKXCIaQJIB5oKYq8qce2qaRX4kYkJSCXxERCwSmS2gFTlgTFgvhphCo++jgKLGO9OhJ/UWCU+l5HUzZiCTKhDEKix6pyj8m7zwmlZCO9FcxpBRcjHYgeIXYIAD4MXThPOzDbwKEnrhNryGP2yFp6YktXI8I+e8ulk9DIgo4zrBGMDcEjeNQYyTcBtqikf0OGu5U1kldw44MYUUD3PxI018veMXGhjSC+oMPa+hvEeKJYECuAlMzwTDJRRNcADSvFWI5ZpscPVCBhQxVTrd/7R/DKcwLWEAnj8SR0wPYod8K5uVw2AXVkiJGh6NVVpkNthyQ8C6MKnyzmm6p0pj0/a4JwRlPC0ABd1jqsABfKmBILYFB6PJowtIDyafNWdA+xF4ARJYmCAtx2fduEVi7IOl0TgJ5JkvkvI7OcfHn9SB0yPYge8q9tVA2BXlggJml5NVRp8zM//eSZurOHvDK5XLqI+NwAYPC7qC0gRKDYF3GDvgb3hpwzIDQsTyBza98QeAXUavu1WJQH7gaclVbwwfqiPoH2p2sbwTMgQ91A1bkAZPtchO7EkY1rb9fY2PmPTaGkM8G7MNI1uxpiSVbwLpZRqNpDAKrIAUg+cL+TZBqhdKg30lKoeT6regJKBgMdDClMEBKRpkWTgoTqfOhhAwFZNH7WXnSTAA6p6eyWjCUjrBh6i/fwfMnyuQ3ZiSca0tuvtbXzGptHSGODdmGka3YwxJat4F0rJ6nkmbqzBO8PryOXz2hlDygNj4FMYmMKjr48mSEwJSKYKENDCBOLaZQrsIqhjASklmYeuIAJTp9WZR/29T0cVZGAQQYJ8CgBTU6BGUBLGx4CzylrG+AiAvIFVESYXyjRzEBzCE6SSVcN1ljEFlKziSanmzraBAIG+wd6ANPqkDpSxCiCthiRAJg7tuaIpsSW7EisAj4aXSwQsAYfYgjeN3jQB/GNbL2MP+TuByFUSpvDo9/N/Ri8fGRgfA84qaxnjIwDyBlZFmFwo08xBcAhPkEpWzf3n/zwTN9bI3zPweYi9xAm8vkF4cFLvwxKjkJkaM8dGyVQfPQVuRj5L115JUsYexXNFQEwVGEsC44f0JcArM+WzGxi7loAxdcN4YZUAkmD0AgELudWTOkB67PSxh1TxrG6JVC/SfjSdHxDUDcBnY0fx3RLwKoECQBwSWU0BglxhoD4B3smCmJ0/FnvZm6T+WPwB0joT+HnTUgFjr3H1BpTqcjKi8kkJZExBTdkJeyNA9qi9BFSRBeHBSb0PS4zKcsbMsVEy1UdPQd1blq69kqS5kuoBMVVgLAmMH9KXAK/MlM9uYOxaAsbUDeOFVQJIgtELBCzkVk/qAOmx08ceUsX7PMjrRdqPpvMDgroB+GzsKL5bAl4lUACIQyI7z8SNNfI7I55rZyy4pmHiDbzcD9EB+SoWyKqAAI2kaQR5cI0P+TnfscBFW4CAQKWkMV0ytqcFENetWsKHz7NrCRDwcKNPIEj1yoAxnnanKRCkGesqqRKEFMrg1UiCymczlgySAparMyNIkE0GmY+nl0CNJLGaptRPlaYyxPYayxuotEpgjCeN+KDPLqBAuBy+zvFIsgrjnKQEaOKtEovoieMN0ivkq1i4hzAEriuDj8DrLJn7dVTOzw5ctAUICFRKGtMlY3taAHHdqiV8eDdAbAkQ/Nx+/s8zcWMN3hlcL66aN0zkRgKvJr7emHrDQCbUIQjUWHXOUXl3L4XTshDeL7nTCCpCPhY7QOwSBHgYvHCacGa2gUdJWifUlsfol7XwxJSsRoZ/9JRPJ6OXARllXCcYG4BD8q4xkGkCblNN+YAOdy1vIqvkxgE3psCubNUUOMQ0AWS+dYfqAWKvKnHtqmkV+JGJCUgl8REQsEpktoBU5YExYL4aYQqPvo4CiSkBSRh4SRngJzW2C5/LSIo4ApAJdQgCNVadc1TebV44LQvhvWhOI6gI+VjsALFLEOBh8MJpwpnZBh4laZ1QWx6jX9bCE1OyGhn+0VM+nYxeBmSUcZ1gbAAOybvGQKYJuE015QM63LW8iaySGwfcmAK7slVwnokba/g7A+Q6Ghh7Qb27Mk3mfSIAtVGf9pCC2Cf4zF8YbjNDiMVZO6rwzGm3P5pD/oghs42GbCOjVLriIXlvjnqgoMncSRjQ4nSRMoqgesX6yoTEC0t6lCCXjlhvIIizCqm9luzSC2IRDcg0eFO/nPIh8W0yyKL6IKVAHjItFWEIENSPI2MVHhDU2/GYWGYaIAsDFADbw9QSsV1qZJosTxGojfq0hxTEuYlCZj//IfHCkh4lyKUj1hsI4qxCaq8lu/SCWKg5z8SNNXhn8KR60R/X/kAuIp74cXVfrjVVfO6HL3PPFL29eGCawF5B6r13OUsE9MpEBmCueEkg78ZAPhSwSsmqLXjT8COcoJ7ALklikV7iygNKiI/xD8hYgjcIImDIQ122BN8C9+BwSbwzs6JXIFV8FeOFegJIBfocTzKSMoCYRoJ8gVNNCQ9I6U3qnJDGQaqPQe8vbQyplxGm8RVH/QFXNw4vk0flkDwAmbWIH4NehlPFZw/06kn19uKBaQJ7Bel+/isiYMhDXbYE3wL34HBJvDOzolcgVXwV44V6AsjzTNxYw98ZXDWuXS7x45IfIPWaEvj1SNWrLCmUwauRBJWvJ5FkvGC5OjOCBNlkkPl4egnUSBKraUr9VGkqQ2yvsbyBSqsExnjSiA/67AIKhMvh6xzPEaswzqkpsAtYAhnblhCS8sR4VrHdUeHRKM7wo+/d8PDESeueIY0DlSCxMsfKEDtK8rFk2W0gH5IgK+INAgfKG1c4H9hFiiYtxzoPkEIa7Oc/vIFKqwTGeNKID/rsAgqEy+HrnJ/d5/88EzfW4J3B1awXzuuIh8cnbfAejKCEpwX49DvHVYACeVMCQWwKj0cTxhYQHo3fEGMDexE4QZIYGOBtx6dd+H2Osg6XROAnkqy7UgCIEyAYn05hO2Q2CdmCq5IzM9ltEFOyxap6GJDlgIwlUkrCKoGrGJsCAhh7jfVAAUjagqAxpAypl8gtcZFhiCHVGBxN53LeCCAJjN2Vm4RxYEYZRIxnTsThMwSftCEzGyjhaQFu0jmuAhTImxIIYlN4PJowtoDwaJivwDnAXgROkCQGBnjb8WkXPjNR1uGSCPxEknVXCgBxAgT15hoI2yGzScgWXJWcmclug5iSLVbVw4AsB2QskVISxOeZuLEG7wyvIxcR8Ex4uSXPy1lutiUQ8szLrQXEPl62y+iBdyuAQSNprKY1pssg+gpa8qyTxjvtkJyPl4CXJAAwCkIqxvuMRhOEwQtjxcZhHuWXJcDIm4rIQHhIZQYwfF55PSW3ZGAsj/emtJSYXjxAD5MuAj64msC0jqrXXBBnJpARzsRn28SCKqmfSPEx7NFLVbF8ntIEQI0BIFAPaYlUJjweWAUsnYGQ6oFVYAmEPPP3PyOx18d2GT1wbwEMGkljNa0xXQbRV9BS70W80w7JQ3PUH4CXJAAwCkIqxnNZ8NEEYfDCWLFxmEf5ZQkw8qYiMhAeUpkBjE+LMZ6SWzIwlsd7U1pKTC/+PBM31sjfwEGunZARXPrPt+85aF8PBOpl6jRHSTZBZQSpjCTeNE+Y0yQJ/DhpAV4rcOZHlXZ4J+BbIEyB7QbyeBeSrMsZ45Ul1jvh/8/e3/xs+69nXf//oEVjY9LGgNBCS0u62tLVJ2lL+kQfVgvLgc9SHOKARw0DikUHteCEYtSkNAg+DGBidGA0HWHURElMnGDQEJzpLzDqrL/3cbzOa7s/93nd6xJooV1d1zbYs+3bvu3753N+juM8jvu87+9qgSGduOGbgLBVRYqh0qLqzJQnbjgPpITTXHWnSsHZrAUM6cWHdEN6F5+RbnVdJwm6npY4d0uBGl1T/mIcqpa+3/9rCc4qPPK7+mv//n88E9/xNvzOcGquKC66S6QhZ9g1UJJGirsnQmSXpLiZ+OV4KYWc8bCWcWaKlF7EiyN5fHunawwzFOPEeKOCFPdVZOZcetcv82u9CJVKGWabrkQ5d6JEwUF1zgjxrH6SwOaPhHSRoZnGBoaAFzXexcf1lT7tJJuYPhG5Gl5QmoFZGhprFb3TP6kE5jBloNzej8znNQ2qdotH3u9//Ev2/n88E9/xNnpndKN3XuInL4y0kvTJoOWuXIiHDMQROEsBD66cJbYHylJxX8tT3KizPcImwsxE5rBGXPUpAu644hELrT1Ig91uM+E0iBRbIsZD4qqJAQ+eZZDHKoHNkLAvv5Q5soiwbQISVGvPgNM3MEi3AdvWsjQwGxKUNr9owl28qluuuJn45XgphZzxcO7wnEyR0ot4MbR0opiYOVFjMUj1hieDlrtyIR4yEEfgLAU8bEuJ2wNlqbiDOsWNOtsjbCLMTGQOa8RVnyLgjisesdDagzTY7TYTToNIsSViPCSumhjw8A/p/n88E9/xNs6/mwouVdg5OtZIUTWy476sL13ntQkRl9ZdRVk1xA3RmCItnqNGtjpyItEqK5UmWve8w4wqhjz5g3XT+VUDBVnMf9VuxBPDCJwrhpyLnHf3he05voi83kw4zWCHUyJ5zm3PsGuK3/bH/O3fok8kQ4STiNdF0b6WED+3qlScbgNxpRDZVUOgVGQLeLF20xigdGOtsmpkIrANpoWd1bqKT2vRA72YMjFiIXcmZdUQN0RjirR4jhrZ6siJRKustJOMn5/XqGLIkz9YN51fNVCQxfxX7UY8MYzAuWLIuch5d1/YnuOLyOvNhNMMdjglkufc9gy7pvhtf8w39vFMfMfb6J2x8404O4e+YyWmhEi3mvSqfXz98CkjmfFGNbYopT+lV8MxShXmXBrqCnfTQw/pUh7VsOrI+IacUBpS8q+E2IB0MRuRoksaxiPZpEXpShNtUpyuEcz3pIiskcdmggmuYOS8xAHXIoZs8Y1FYOJuifFiabDizOdCFF1D1XrZTOCZX1yJkpk4DxEBnsjZWFxXhMfS7/d/UBpS8q+E2IB0MRuRoksaxiPZpEXpShNtUpyuEczv0jw18thMMMEVjDzd/49n4jvehn/PCB1osYPbIZbiI3C5X/xh4lkK9EAx0PyTQHwtpScHaXjkN5ZGzIe4+cGoRKnq7XrYItsecAa8aiRDnO0uPqqUPQiKUEnjNhCQqkXVFDdusVTUWwzSEb1Q6u63nFKkXspsIeUL6cRAt7GwDxVUK6lqKUqnv4YJ/BFdxDisN37qoVLme/wFilI6MszQkMt9bCn9idiDGJg3k46PwOU+TmniWQr0QNlylBGIr6X05CANj/zG0oj5EDc/GJUoVb1dD1tk2wPOgFeNZIiz3cVHlfLr4/5/PBPf8Tb8zujUHKILeSpwH+zjapUWpa53pBY2Bi/8tYSUPOGR39Xa984vPhGQBu0IvWgh4rkcXmQbF00AhnTihm8CwlYVKYZKi6ozU5644TyQEk5z1Z0qBWezFjCkFx/SDeldfEa61XWdJOjaEhPDk5/ndCK7HEo+SKiruC5zpPxm0otLn2DOa1Qq1hIsao5VAgNdGhlmiK9rLeEa8bKf0qL0/f5fVJ2Z8sQN54GUcJqr/mrd/49n4jvexn5nhPvAL+BO00Vy0HfxUaV0dZEiVNJYZA5I1aJqijujWCrqLQbpiF4o9U2znFKkXspsIeUL6cRAt7GwDxVUK6lqKUqnv4YJ/BFdxDisN37qoVLme/wFilI6MszQkMt9bCn9idiD4cSimVvRCaxaPM1F4I8kMogeZNOJlBCvMXI+Lu/Kh1IxlNa71JyJ+LDqNejjpfFEkQK394GH9LIlZtsozoBQdqsUodLWYg5I1eL2UK9YKuotBumIXih9v/9PzNCQy31sKf2J2IPhxKKZj2fiO97G3hkOEd8h4uJrkse9G+4rdbXHV02RBtzTpJJ4Nz2eUAwhki0lLqbcMx5DKEqJZooMleKqQbohTwYtd+VCPGz4CJylgAf7scT2QFkqOrFsp7hRZ3uETYSZicxhjbjqUwTcccUjFlp7kAa73WbCaRAptkSMh8RVEwMePC4hj1UCmyHBk9TkwBxZRPbANQEJqrVnwOkbGEqRRJ7Ao7T4muTZzq+tvCyxaoo04I7dBhjC+/2/UWd7hE2EmYnMYY246lME3HHFIxYqPp6J73gbvTPOy9DBhX2liaouNhFJHyHOH5qjGkmHeCU6vFayFU0I+InTcDV8vCViSnyiWGl7wEOl8XB3XOY+b9C7p1IR8GItFL2Gr9oEiurluyeftpFi2B5CPGSu5dwD8Qu10CN1ISbElUpxODdTHDH2chxdlKKFxPbW/IhRIyYM08ND+hhKzkeK+wilxFWvngM2Q9/SZy+x1GmEdF1ipfB+/2fo8wa9XyL3/+OZ+I63sd8ZHdnO8Tz3oiOGOJFBqTjd9811ioRIFyz/CJSKbAEv1m4aA5RurFVWjUwEtnQeYjj1bUYJWRpa7pw5w8g2OWx+0V3OQ4zzPDnFTzqllLhenI5wqkbwYunMt/zoCgxgueI5x9dMNcWcMw26glLY2KclgEiPF1tFu1HT8zBv+N33Yfj0+NJzz4n4wBnG2cJpWK+ZWzTEiQxK17Ze9Pf7f84vuvv/8Ux8x9vonTF89Vd/9W97wdd8zdcg6dKv+qqvQk6xuC5ioEiLw0oDPXEtJ6ZEMrTcbBTV9BD52q/92rM6M6WYbUpgCE96UCrGq27UFJAGZqMYSp3YqvT4RMp0E4qIUoQYh1IR+tRSHqQYb0JYb5w+Z0hcCU5DEVLCFF0hJX1p+KQHnkTE2HNCKE3H79bLjAyrMrv6TzA8nGYELyqFmYNSSJe+3/90CkgDs1EMpV909//jmfiOt9F5dWl3aiKcx0pPCTvxYrortOrM6ZyBIcQnZjvTkMEdAPwjRZMh3s6vxV72RhTvxS+UnjODz7uWEyl68TMilc7lKHDqSyMUaZAWU4oZps9zjbsxBdESfPAMiaWRxRMM0+vagzWxCaAalMLER/6ybYjvngkUMVh0SMlDxHmeGteFzH+ilta9XR8ai6bdlg9nGNKJkZDCMJF5nyV+ticiifS772pUKqabvOrM15IvG2AI8YnZzjRkeL//wzXuxhRES/DBMySWRhZPMEyv6+37//FMfMfb6KQ6waLjw8GJU049OPEiUJTSkWGGhlzul7Eh/YnYg+HEoplb0R2zavE0F4E/ksgg7r6hECkhXmPEN41yVz6UiqG03qXmTMSHVa9BHy+NJ4oUkC6euOsXrI5PnxISPSYsVxphwKtGwuV+GZJ+4l7kAgPltj/8I6c+TAzxlPEiz1aRBp5QSYrgnMU45cnWFZz/bBTXvnQcXrcMlTIXgaKUjgwzNORyv4wN6U/EHgwnFs3ciu/3f7jrF6yOT58SEv8e7//HM/Edb8PBhZPscIvSlSZ26HFxukZwVdygkTXyVI0EE3aDuroMAdcihmzxjUVgooFseLE0WHHmcyGKrqFqvWwm8MwvrkTJTJyHiABP5GxEUjqK1zqkr+TTwXYY2ffEogwhpXTKqulFpaBx4mV9tdWQpw1EiLDGIYOBgVnv2SidghN9lin7kscZQONuoYd6Yx8EdJ3KeOTpU5euNNGEc07x/NSVijucNfJUjQQTXMTINp8ecC1iyBbfWAQmGsiGF0uDFWc+F6LoGqrWy2YCz/ziSpTMxHmICPBEzkYkpaN4rUP6Sj4dbIcRJ4mf7SmlU1ZNfzwT3/E2OqwdX+gEA34eKxISdzGkrsp41Ui43C9D0k/ci1xgoNz2h3/k1IeJIZ4yXuTZKtLAEypJEZyzGKc82XzlIuFsFNc+EeLu6Uf+opzfh/Co3dX05uR5SMeuwm2/eOK28YRtY6M4rXhbPprDHxiebHYyJTzxdZU2KnJGZvFUJhZBScwZdnRxEYH4VinVq6RLhDjMEzbtUXtZF58+JSS+3/9no7j2iRDfRQTKr837//FMfMfb6OAc5RMc4pDSya6E1Biki9mIFF3SMB7JJi1KV5rocorTNYL57rDIGnlsJpiw29fXniHgWsSQLb6xCEw0kA13gwYrznwuRNE1VK2XzQSe+cWVKJmJ8xAR4ImcjUjK+e2dDukr+XSwHUb2ALUoQ0gpnbJqelEpaJx4WV9tNeRpAxEirHHIYGBg1ns2SqdEnoYAz5BS40pIjUG6mI1I0SUN45Fs0qJ0pYl2K07XCObvcNbIYzPBBBcx8n7/Iynn/f94Jr7jbXRSO8HzrKXuA1x0t0kDs2sWlKSRogl38aoqUTYTvxwvpbALuZZxZoqUXsSLI3na81IKzFCME+ONClK8CUVmzqV3/TK/1otQqZRhtulKlHMnShQcVOeMEM/qJwls/khIFxmaaWxgCHhR4118XF/p006yiekTkavhBaUZmKXBo6dU7/RPKoE5TBkot/cj867pdByk7/c//iVy/z+eie94G53ULsl9etfx7arjxfOy+drgnMW+G5RSF0MaNuEckoFH1Zy78igNpm2hou+haZETE6/FbsQtESmmFME0MHPbKOYsPSecLdfol7WK8UqqsxWvnuPTUURK2Cj8nIAj4bZ8aBwoTwbf86V9QMOttWffLlywMQZd26o0GCIdSTRQCnGnGj+7zvQ0+MjxSCmxOEOkVWbTElalBzw0nwek6fk3yirritCJ8eI8wSfFOYs7xlKbkYZNOIdk4FE156582DyYtoWKDs20yImJ12I34paIFFOKYBqYuW0Uc5aeE86Wa/TLWsV4JdXZilfP8ekoIiVsFH5OwJFwWz40DpQnQ5fpTPuAhlvLRWyVXbjweCa+4210cOFxZi/XLIyEdJGhgw5ShoAXNd7FXw9/CCWqPu2WM9J+0vcMSikCfrlvcj5uIk8bKzZhQ+zh9NgAW/H8GjAoUaRnu6j3Sd/YNSq9JkUbk67RZvBKqkULrbTqNjCimm1IFIP5QG8b4eziRMRKp79Yyo9cDXcVmMNISBcZrvU+XjHgRY138f3+f/DLfZM8Z/q0sWITNmTX67Zcig2wFXcO24kSRXq2i3qfdOLjmfiOt7GDc3afPEqxS9hFipzXo+giDdPDQ/oYSrve483RSFz16jlgM/QtffYSSxt7Fx8rhnjVgBMDfllfSJFN6va96xe3FqRIbbgIqpHEyOsIGVrIVh/SjdJ7p9ceVi361tFFWPvd9PiA4dxA+jZ2Fz8skc4ZGEJ8YrYzDRl2woF/pGgyxNv5tdjL3ojivfiF0nNm8HnXciJFL35GpNK5HAVOfdVIpSKluB0W20l7i+QpjlTVAtPDQ/oYSo2y1nhzNBJXvXoO2Ax9S5+9xNKdJH+IVw04MeCX9YUU2aR9dgS3FqRIbbgIqpHEyOsIGVrIVh/SjdJ7p9ceVi26H+girP1uenzAcG4gfRu7ix+WSA+PZ+I73kYH5wSd5tKi04R4YhgBl3DIuch5d19o/pRFpBIC9NMMdjglkufc9gy7xfHb/pi//Vv0iWSIcBLxuija1xLi51aVitN3lyuFSF+D/CNQKrIFvFi7aQxQurFWWTUyEdjSeYjh1LcZJWRpaLlz5gwj2+Sw+cV6IzzEOM+TU/ykU0qJ68XpCKdqBC+WznzLDzLnohVBSxiB8zRCzsVzS6H557oiso0B/TSDHU6J5Dm3PYNzJm6Hd+XDB7HoE8kQ4STidVG0ryXEz60qFafbQFwpRH5t3v+PZ+I73oZTc2T3GV44rxAlkg1u76UTcSVd4wzhajgeSUrBEC1F6fzSkP8Uz72Jr0melqNcO3jZ56op0oDbnr0xhG67mUMkW0pcTLlnPIZQlBLNFBkqxVWDdEOeDFruyoV42PAROEsBD/Zjie2BslR0YtlOcaPO9gibCDMTmcMacdWnCLjjikcstPYgDXa7zYTTIFJsiRgPias+tYd5Jkaywe19bFUaV9pknCFcDe/3/22oFFcN0g15Mmi5KxfiYcNH4CwFPNiPJbYHylLx8Ux8x9vosDpKJ+tMg0NEVGGKmyBFyq/9Nj5QSjw93YUUaaikWiyt6r4MTwNDBvEJeofS+ZcaSFENiaoTI9ng9j5WlMaVdI0zhKvh/QFxGyrFVYN0Q54MWu7KhXjY8BE4SwEP9mOJ7YGyVHRi2jVqCTyIKkzxGVOk/Npv4wOlxNPzfv/nKUrnl4b8p3juTXxN8ria4drByz5XTZEG3PbsjSE8nonveBvO9OlAI+5aDxFKEfDLfZM8Z2oCRWzChmQunp54VbZi66puJ0oU6dku6n3SN3aNSq9J0caka7QZvJJq0UIrrboNjKhmGxLFYD7Q20Y4uzgRsdLpL5byI5UQSC8mgjRDpHQtxAbersddkRIibVV61V52AviUkcx4o3woKf0pvRqOUaow59JQV7ibHnpIl/KohlVHxhsSn8fMyPv9X/xSu/8fz8R3vA2H6ARHziMO08ND+hhKu93Hz2tTXPXqOZAtkb6lz15iaWPv4mPFEK8acGLAL+sLKbJJ3W13/eLWghSpDRdBNZIYeR0hQwvZ6kO6UXrv9NrDqsVWVyoVYe130+MDhnMD6dvYXfywRDpnYAjxidnONGTYCQf+kaLJED+/3qeheC9+ofScGXzetZxI0YufEal0LkeBU18aoUiDtJhSzFAqjigN08ND+hhKfcwthzdHI3HVq+fAubctffYSS3eS/CFeNeDEgF/WF1Jkk77f/9nONDyeie94G52Uo0TgPEcXoEgslu7epTv9Mw26glLY2KclgEiPF1tFu1HT8zBv+N33Yfj0+NJzz4n4wBnG2YylxI0iXkseux3oEyNbsYgMBtLxE+YHBoQYOf2qm3Zrj7S43lu+CJwl5k7J5kvP1Yt0zxe8qArEGmEt4Zpy7yQQVdnw4mkOeJ6IrtNmFMPlfvGrKk0MfbSVxg1noIT1BoatVSw976WUbWBp0BWUwsY+LQFEerzYKtqNmp6HecPvvg/Dp8eXnntOxAfOMM5mLCVuFPFa8tjtQJ8Y2YpFZDCQjp8wPzAgxMjpV920W3ukxfXe8kXgLMUfz8R3vA3ndZ/k4+BEaVAaXDAG0b143iXDxAjELREpphTBNDBz2yjmLD0nnC3X6Je1ivFKqrMVr57j01FEStgo/JyAI+G2fGgcKE8Gf6xb2gc03Fr7o1b67bpgYwy6tlVpMEQ6kmigFOJONX52nelp8JHjkVJicYZIq8ymJaxKD3hoPg9I0/Ofo8J4pUBcNWSoxXGdXdKgK3KODaWVKJfvY2LC2aI06GUQHdqWOzExAnFLRIopRTANzNw2ijlLzwlnyzX6Za1ivJLqbMWr5/h0FJESNgo/J+BIuC0fGgfKk6GLdaZ9QMOt5XZtFRcUbIxB17YqDYZIRxINlELcqcbPrjN9PBPf8TYcnIsBlJB4XiQnK00vvV2P6szpnIEhxCdmO9OQweUE/pGiyRD3fCGehuK9+IXSc2ZwG63lRIpe/IxIpXM5Cpz60ghFGqTFlGKG6fNc425MQbQEHzxDYmlk8QTD9Lr2VUxsAqgGpTDxkb9sG+LOUDtFDBYdUvIQcZ6nxnUh85+opXVv14fGomm35cMZhnRiJKQwTGQudizjV+eNPEgifY1KxXSTV535WvJlAwwhPjHbmYYM7/d/uMbdmIJoCT54hsTSyOIJhul1/T3e/49n4jvehlNzgp3amRYp069zvXGWmLsqLlXprhYPvSsXwYuqQKwR1hKuKfdOAlGVDS+e5oDnieg6bUYxXO4Xv6rSxHDecONnL0gtCqtuZogTA+Xkxp7pkxKZsqoYLCTOGSKl6VfDy7WLFD1KgCdEgg9Ln+2ufEBKfpHSWIpqsdSiYmnYQKJqK05E0keI84fmqEbSIV6JDq+VbMVNWHrVXtIiZXoEzhLz+/0vtSisupkhTgyUkxt7pk9KZMqqYrCQOGeIlKZfDS/XLlI87//HM/Edb6OT6gQdKP46ghP3rX5IN0rvC3FdiVWLLgZdhLXfTY/rF84NpJferkd15nTOwBDiE7OdachgY8A/UjQZ4u38Wuxlb0TxXvxC6Tkz+LxrOZGiFz8jUulcjgKnvjRCkQZpMaWYYfo817gbUxAtwQfPkFgaWTzBML2uPUoSmwCqQSlMfOQv24b47plAEYNFh5Q8RJznqXFdyPwn7vrj46g+RTD8/f6H0l9/9//jmfiOt+GwTnSmiGOlTIwkihSQLp646xe6Nrs806eERHee5UojDHjVSEj5T//T//SXPsaf/tN/mh+eJkhH/rv/7r97tN3463/9r19zjxsoxFPGizxbRRp4QiUpEp4WAtVPlv7Ff/Ff1NgQsYX+z//z/3yUf+mX/qV/6V+a4XyE/aW/9JeqFjul5qeDaojbeR/WqPDf//f//Ty3/eJ5tn/I2R4iPnU2o9oApxUv68dz+APDk612hBKe+LpKGxU5I7N4KhOLoCTmDDu6q3yAJ9xjHnuYGEkUKSBdPHHXL1gXnz4lJP693//EYvqJe5ELDJTb/vCPnPowMcRTxos8W0UaeEIlKYJzFuOUJ9vuonA2imufCPHz/g+U/8/7310H21V4PBPf8Tacl9OMOFMKlFKIRambO+LyECOux1qCGyI88rta+6538YmANGhH6EWPyB6giQ2U/rv/7r9r6SLbuGjC/+8GQ3qP6R6jG74JCJsNSEOlRVXm3lt2NacXg+E8kKIkzVn1L/7Fv5jS3igh0sM6WEuL+dsw1FWpV2nia2SwummR2juuWppZNcUSeMC3T108pxNx3SNKbo9Qe3FdeVKk/GbSi0ufYM5rVCrWEixqjlUCA10agTg8dVHgnvHYT2lR+qt+/+/AE8/l8CLbuGgCMKQTN3wTELaqSDFUWlSdmfLEDeeBlHCaq+5UKTibtYAhvfiQbkjv4jPSra7rJEHX45n4jrexo9zBIa5Q/LxUkOhrsJLb16XdwyIYVQx58odsX//1X/9t3/Zt3/u93/v93//9P3Lju7/7u3O6imdj/qv5RjwxIH5n9PTcij00/9f/9X/NGRc57+4L9rzGlKvtNtj87bpAX7s02OGUSJ5z2+euiB64t/0x39iwktWRDIl+96RsYF0UH3MtId7PhWwhv1IxWMsR2WoGVVfNHiKQLuaBXqgm/1//1/9lGgOUGhvZF14pMhHY0nmI4dTtKighS0PLnTNnGNkmh80vui48xPhl+njOhsw5JP4y73/6+akDBVnMf9VuxBPDCJwrhpyLnHf3he05voi83kw4zWCHUyJ5zm3P4JyJ2+Fd+fBBLPpEMkQ4iXhdFO1rCfFzq0rF6TYQVwqRXbXdco9n4jvehqN0jg5O2jkSSxPxgTOMs7kklF0wYvEbvuEbfvfv/t2f+9znfu8rfN/3fV+eUONWvMd8tLSB9P3OUAr9QbiHaYQB2Zb0Bk/hyKbd8iM9V7/lx7Rwlpg7peZLLbRHPL2bdQ/l7QRKleo1TUsw5F/+l//l9D5Rn0uVra79SAqRkH9/N5Vo1LlivVJD6EVdShPDvkhtoBfY9dvk5bdOUArS9Ef+cj5hM4P9AOXkxp7pkxKZsqoYLCTOGSKl6VfDy7WLFM/nLCVkCNJ/GPc/Uqk40CdGtmIRGQyk4yfMDwwIMXL6VTft1h5pcb23fBE4S8yv73/VIr1zjuBFVSDWCGsJ15R7J4GoyoYXT3PA80R0nTajGC73i19V6fFMfMfbOM/uvEJhhxtcCcTXiRlXOq9Q2Khivyp+6Id+6Pf9vt/X6+Hzn/98sTfH7/k9v6efGt/zPd9T9TOf+QyzhcRuOE8uo0aq5tzTeXppz9NKQ4+5RPj3/r1/zw73FzI+Qo2JhmgJjdUV/E0Rm6U96wdi7f52aLAZvwC0mxNwc5b61MHqPc3T96tCKZyvpQxF7xVdVU17HSF/C+3CnXtIt4dV91dt/choCVXYzHWlBLuSpm/nd/HDEumcgSHEJ2Y705DBxoB/pGgyxLt/rsVe9kYU78UvXNajSrmGvmwANiRiD8w7qGIpDhsljhh7OY4uStFC4tv3/zA9PKSPodQoa437CKXEVa+eAzZD39JnL7HUaQT+EK8acGLAL+sLKbJJ++wIbi1IkdpwEVQjiZHXETK00C7cUPp4Jr7jbTi4DnEn6MrtGoSu2VmNO3RK6a4TbEL4xm/8xh/5kR/xtgg//MM/3Evi67/+688VIydM20JFFzj9NHt0+hfj0p5oPV7Xm1iaqMufpntt3K0fHvrbRjFnqTkhMaRIqxqVoUbm0PO61ORSC/UTwdiUpxdD2CilOSN4sRWrxjMgg3dez3FmK5b+C//CvxDxpkn3XIhby0VslV24UNpCfaK4rhRcavV4njC9mQZKIb6voqXxMz0NPnI8YpPiDJFWmU1LWJUe8NB8HpCm5z9HhTd40U7gl3P/U0IGHlVz7sqHzYNpW6jo0EyLnJh4LXYjbolIMaUIpoGZ20YxZ+k54Wy5Rr+sVYxXUp2tePUcn44iUsJG4ecEHAm35UPjQHkydJnOtA9ouLVcxFbZhQs2xlD18Ux8x9twvotO9imNO9xwXgbEzacK0nr7GdF7ohfGj//4j/erovdHJciwmYECZhbdRsU4VC1tctGz8kTPzc3cn+53i+ypF2/U/po+JKZYqz9Qp/TQz8bsz+9/8S/+xfge0Dn5NzmyXXmgNzPFi+HEX//rf71qUDIkpBhSfHpnEDP0cfbOSGHo9dla9tkGMndEuy7XSh8TiHvhdRQ+fpFerN1fSfkU52cUNwoXTQCGdOKGbwLCVhUphkqLqjNTnrjhPJASTnPV3c+Uk4sMT2l8k80sxpGd8yA9R8XvylWC+LlbCphZzJBejENVn2K997CrtyozvQlPJPAgIcKfqFRKmV6E8yMUM/BTzmlGEZ8MpwKlFGJRupM3jRjxcdYSnFV45He19nQTik8EpEF75PFMfMfb6KScYAd9cmmIpDhWXAwMYelIvyT8vAj9tvBXT0OGhnRRrZLS8KIvQzyRB7mbHsu5mcL5dK7aU760h6CuHnD+U6jbe90WPXl7EMeN8h3o90Fd4U//6T+dWK+H49Vzp6btCe4xGqHzePTH0/cXR9KgGrntj9XvyoffGZCyQ0634ghkO//TrO027p3h76Yow9KI+aEPld9PouCseMKON6UWfze17QFnwKtGMsTZ7uKjSnGJ2aCSxm0gIFWLqikuvQsn6i0G6YheKPUEsZxSpN7ZlMalIZKSc2YxMISlT2R4Ukob8su8/4kBtyubTDFwo5CZiw5wy4mGRKA04AYGZHqkFB+By/3iDxPPUqAHioHmnwTiayk9OUjDI7+xNGI+xM0PjXo8E9/xNhyio+8Q3Um7cogDvU73hrO+jvmGNEOkNPLZz362Hxaf//znf+zHfuw7vuM72LRUDZG+ML/zd/7O7/zO7+y3SPj2b//223XBHPEkNeKNap97qNETKf62ygPxNTjNKUp7IOa3MU/hldiq+t8xPFUR6+LnOwP2zhgSTT7fGde5vHxAT3//3fBeV+m6ttwmaz/fGUYpicGGi36pNDkxp2owv0tjVAvR8/SpO6VIMMdTOLKnWLoJIdtiyBa3kyICEw1kw4ulwYoznwtRdA1V62UzgWd+UYmH+Cty/6sSz8MppoTIPuxVe9kP4FNGMuONamxRSn9Kr4ZjlCrMuTTUFe6mhx7SpTyqYdWR8Q05oTSk5F8JsQHpYjYiRZc0jEeySYvSlSbapDhdIzyeie94G53UeY7SsKM89cR9B27XhbgvQDxDb4JeGP28+NznPvcN3/ANt/cjQ2+RH/zBH/y9L/8YnrPov5tiiPhKTInboSp974xSDwg/GoqlPeD80/E5KoxXCsQ96OP+QN2E+Lqq9oAu9a/NShvl2V3awDfeGfwhIlVKKQ21M6T3QDfweke9vKXCqpF6vxAe7uMjhOsDf/VX+5nSB7lWeqnaW6SYp59T5rzG3kk+xQ5qH8qcDJGhlHh6ujQUaaikWiyt6sqGp4Ehg/gEvUPp/EsNpAQtp23LnXri/+f9fxefh5wGG4hvD+IMkb+X+z/gYacE0vT8fy/3/6ohQy1NiJ9d0qArco4NpZUol+/ADFLTzpl3/aNPVzVs4DDDyD5FSDnTwAOVAL8HPKqtFX88E9/xNhycI3N8neZ9va4rCjzBcY/gnMX4t3zLt/TC6B3QC+Prvu7r2Lr/kN/1u37X/sIqT/jhH/7h3h+9MHqRmFaE+L5pQPGgiZ8PelXKv/Kv/CulPfU8djchgidu/7A/uVfqAR3PELfzvZzmxDOESC0ewZn3F0elvnh7ZwQbgLiSzTTKoiZ4NKf7UKqU85cHKPkXmnaYeUdnh0Uk1O5v7VIsbYKqLhHi4X5zfXh1bRpnadcFOcXi0+SwRcVhpYGeuJYTUyIZzo9DUU0PEZcjojpzYChV0iINPGEtCM5ZjFOebO6iSDgbxbVPhPguIlB2/8OjdlfTm+NjwnYVbvvFE7eNJ2wbG8Vpxdvy0Rz+wPBks5Mp4Ymvq7RRkTMyi6cysQhKYs6wo4uLCMS3SqneyOOZ+I630XnBfZgfLsYi4LsJnm4m8G8YvQl+7Md+rBfGLkn4zGc+0+thr4of+IEf6OdILS4kWzwkbubdei0HfVse7Pacj+/gidnTcA+v0h5zzCk9Z2uJRwJb1Sbk3J+7aynt14Yv56oNvJZ5+VuvUvdlpdJsKbXw74kfWislkpLHZkzbP9SHqpX8Ad9zn79SK3pepzStNGc8mIbvnTElshWLcZ5+iknztGeeov34p50ZVK83xvHf2l7TXz7gDjwlJ1161x8f7UkvQqVShtmmK1HsJBKUKDiozhkhntXXJNz1h/OMgL99/0uDG+Pc22kQKbZHjIfEVRMDHjrnB7s9VglshoRdDilzZBFh2wQkqNaeAadvYJBuA7atZWlgNiQobX7RhLt4VbdccTPxy/FSCjnj4dzhOZkipRfx4kie9rz08Ux8x9vo1DqvnZ2D3sniifSAh643D5T2Vuh98KM/+qNKebT088LfVvUu+d7v/d5eLeaohsytXld8eqI0tAf8HOudccKTGngehRt75HmIn6gxvWrwcDyH5zdwk70nwBM8cdj8SKXXywX/VvG6ZJOt4hI0zaJeVCGyg2Lgj3gf7BDsSpznp37qp8x5QjvJYz+9UeKhXqOCY2lCvPiEzA92o1TXmRpIUQ2JqhMj2eD2PlaUxpV0jTOEq+Hl4R6UgiFailJ+yi///i+m5z9HhfFKgbhqyPAPcP+H0kqUy3dgBqlp58y7/tGnqxo2cJhhZJ8ipJxp4IFKgN8DHtXWwoszBDqiClO+0P2f4TY+UEo8PZ0zRRoqqRYfz8R3vA2HVexKFKXO9ITzDeNsrlOkF0MvjM9//vP9gCAWw3d913f5edG7pF8b02uJh43CkcHe6PiJ5iAMCDFy+lU37dYeaXG9xT0cw1li7pRsvvRcvUh3U+JFVSDWCGsJ15R7J4GoyoYXT3PA80R0nTajGC73i19VaWLwVVQaP3tBalFYdTNDnBgoJzf2TJ+UyJRVxWAhcc4QKU2/Gl6uXaTYdbktF3hCJDD8Mu9/3CjitcBLtTjQJ0a2YhEZDKTjJ8wPDAgxcvpVN+3WHmlxvbd8EThLzL++7//HM/Edb6PDejo+p//3de1/+2//7b0Vejf87t/9u0vp2b77u787PfzQD/1QejhHUf6DG3/iT/yJWhJfr2hUaeTueOxTVWli+GU++7wzVIP9AOXkxp7pkxKZsqoYbF6cM0RK06+Gl+9tpPjGs8+Hpc92Vz4gJb9IaSxFtVhqUbE0bCBRtRUnIukjxPlDc1Qj6RCvRIfXSraiCQE/cRquho+3REyJTxTveY8WYmnki/rZt9I/wP0fNjPEiYFycmPP9EmJTFlVDBYS5wyR0vSr4eWqRYr/UO//xzPxHW/DYRWRjs8hEimq19W7L9t5baqG7/u+7+vF0C8JerZIPzi8MH7gB36gNNCvWb/1t/6Vv/JX/ubf/Jv+YiT8tb/216o2iiFSvNa7IQ1VeRIZSrs/dKnS4xMp000oIkoR4t4ZpdOD52Mkz0gx3oRAl9LnDIkrwWkoQkqYoiukpC8Nn/RA3L9MvMY5IZQ2Fl8vMqzKvMfQCXsOpxnBi/MEX2mcs7jJpXYlDZtwDsnAo2rOXXmUBtO2UNHV3LR4iKRkoE9RTV/vWZ2ZUsw2JTCEJz0oFeNVN2oKSAOzUQylv7L3fxxKRfjiuv9PETH2nBBK0/Gqj2fiO96GwwoOLjhc6EyRdKkblE78Hb/jd3g3fPu3f/vEr//6r+8V0i+PH/zBHyQO/ar4u3/37z6eYb/0S/G//bf/dq+Q1rX0w/eCKZEMLjORopoeIr/Mr/TeGSsV41U3agpIA7NRDKXvX2kkBZ5ExNhzQihNx+/Wy4wMqzK7+k8wPJxmZFAKM4dsSLr09f2Pn0sgFGlxWGmgJ67lxJRIhpabjaKaHiLvr7SRYrwJYb1x+pwhMf54Jr7jbThEJ44jjhUhOmvYBYh8//d//+c///neELtIIbG3SGIvDwrsX497Vfy3/+1/+xM/8RMGDtaKnNcYmWgnE8VK6faAh0rj4e64zH3eoPe8pwEv1kLRa/iqTaCoXr578mkbKYbtIcRD5lrOPRC/UAs9UhdiQlypFIdzM8URYy/H0UUpWkhsb82PGDViwjA9PKSPoeR8pLiPUEpc9eo5YDP0LX32EkudRuAP8aoBJwY8fS1xRBUhagebDJF02E6G10q2ogkBP3EaroaPt0RMiU8UK20PeKg0Hu6Oy9znDXrf7/+Irscz8R1vY8cnBse3o58eKU2P4MTPfe5zP/7jP/5d3/VdbOnf8A3f0AujHxn98uhychb/9//9f/fC+Gt/7a+VDlW3KKWx24BoXSVp6FarGoiqbiAikj5CnD80RzWSDvFKdHitZCuaEPATp+Fq+HhLxJT4RLHS9oCHSuPh7rjMfd4d8vv3P6KLUrSQ2N6aHzEK0S4G7WKG6Sbw48Ti7sPAEyLBcvTZ7soHpOQXKY2lqBZLLSqWhg0kqjpAIpI+Qpw/NEc1kg7xSnR4rWQrmhDwE6fhavh4S8SU+ESx0vaAh0rj4e64zH3eHfJ57wFerIWi1/BVm5DyeCa+4210Xjs4xJnuiEOnqXpeM4fuHy16Z6imRPzPvIvZSk3oV4UXxl/9q3/1GnrjNEQCJUxMiU8UK20PeKg0Hu6Oy/wreFetevm+ZJ6qRROG6eEhfQwl5yPFfYRS4qpXzwGboW/ps5dY6jQCf4hXDTgx4Jf1hRTNOXWKdrDJELnm3thOhtdKtqIJAT9xGq6Gl5YwMSU+Uay0PeCh0ni4Oy5zRxT0vt//EV2UooWKj2fiO96Gg3N2i52pUw4OFHbWkZDyvd/7vZ///Od7PRAzf/3Xf30vjH/+n//nP/vZz/JU+omf+AkvjL/yV/4Kpfj93//9/8F/8B/gNWbGpxSl8fBal8JsYXoiG5LS/UoXK9kkgtOLmYtPabzeYsifsq7IbuhBeo7ynQmUEN/MQAEzi9t2HKqW+kTM97CrtyozvQlPJPAgIcKfqFRKmV6E8yMUM/BTzmlGEZ8MpwKlFGJRupM3jRjxcdYSnFV45He19nQTik8EJhZrr+uufzjDkE68V7iWYJjIXGy54jzDlCLgzPiUq/yyRHitS2G2MD2RDUlxt+DFSraE4PSiY39K4/UWQ/6UdUV2zoP0HBW/K1cJ4psZKGBmcduOQ9VSn4j5Hnb1VmWmN+GJBB4kRB7PxHe8jfuQL9zHeB0fkuLyxB39eTdElPyvu7/ne76HPyWe8rnPfe6c+bf/9t/uhfE3/+bfLE0P/8v/8r94i/ziL/7in/gTf4J5Kxbx4kge98f0e9KFGYpxYvxa/riTgvuVmXPpXX98tCe9CJVKGWabrkQ5d6JEwUF1zgjxrH6SwOaPhHSRoZnGBoaAFzXexcf1lT7tJJuYPhG5Gl5QmoFZGnzhS/VO/6QSmMOUgXJ7PzKf1zSoPu2WM9J+0t1IMyMhG5KSQRopfvL+pxjFJoaZLR3WMs5MkdKLeHEkz/v9j8Dmj4R0kaGZxgaGgBc13sXr+j6eie94G+cJBud7HqVzLyUWkUrFflKEz3zmM/REfzH1fd/3fUbl+QN/4A94PfRrozT8D//D/0CBXhv7/+0azA/X8q+urs2AKgVfutWnR+AsMXuuSc/Vi/S+aRG8qArEGmEt4Zpy7yQQVdnw4mkOeJ6IrtNmFMPlfvGrKk0MfbSVxs9ekFoUVt3MECcGysmNPdMnJTJlVTFYSJwzRErTr4aXaxcpdl1uywWeEAk+LH22u/IBKfwrmZ84JW4tYhGpVBzoEyPbahEZDKTjJ8wPDAgxcvpVN+3WHmlxvbd8EThLzO/3v/TxTHzH2+ikOsHg4Ip4sVOG0o77PtUHfAm/8Ru/sddDvyoyDP3C+PznP/+t3/qt8TxF/5LRjwxpA//v//v/9rYY/uyf/bPp5zaWRijSIC2mFO1wCp4IUxAtoY8Qz5BYGlk8wTC9rvMubAKoBqUw8ZG/bBvizlA7RQwWHVLyEHGep8Z1IfOfqKV1b9eHxqJpt+XDGYZ0YiSkMExkLnYsxXmGKUXAmfEpV/llifBal8JsYXoiG5LiQuPFSraEhKvtnqCKF1VD6Sfv/7WcSNGLnxGpdC5HgVNfGqFIg7SYUswwfZ5r3I0piJbgWDIklkYWTzBMr+vX8f3/eCa+4204x+LuoSIFKJFinBjvoL/927+9d8YP//APX1fg5Wev/wvnnKU5/cXUX/2rfzWF/vqd8fM///OV8jOsHY8oUc6dKFFwUJ3ThiNn9ZMENn8kpIsMzTQ2MAS8qPEufnjixLX8zM/8zF/4C38hkk1Mnx+5Ox4ozcAsDY21it7pn1QCc5gyUG7vR2bX9JxWfNotZ8Rrw400M+CX+yZ5zvRpY8UmbIg9nB4bYCvuHLYTJYr0bBf1GpVi21IKzFDckPg19B4V8POsOJfe9Q+f9NSLUKmUYbbpSpRzJ0oUHFTnjBDP6icJbP5ISBcZmmlsYAh4UeNd/MT9v1I2MX0icjW8oDQDszT8it//j2fiO96G8wouW5DeJ3kBLzrxu/i4Cb7t276tHxn7n38X98vDNOIv/uIv9lbwjxbQG8KrAv7u3/273//932/s3+9N0JP3v/gv/ov/8r/8L4uhZ7ESz5O5eH6xg+q528AZaT/pniYzA365b5LnTE2giE3YkMx/5s/8mZ/7uZ+7LZdiA2zFncN2okSRfnKJ1/rGrlHpNSk6HOkabQavpFq00EqrbgMjqtmGRDGYD/S2Ec4uTkSsdPqLpfxIJQTSi4kgzRCBmaUP37FoBiS057v4mFNcyUzTJiJXwwtKMzBLw6673umfVAJzmDJQbu9HZmd1Tis+7ZYz0n7SXYuZAb/cN8lzpk8bKzZhQ3a9bsul2ABbceewnShRpGe7qPdJ39g1Kr0mxccz8R1vY+dV3LEGVwh8QyiVijlLv/M7v7M3hHeGlt4iKcEofi+GtSP97PC/Bu83R68T+iJnaI5R+DnhX/vX/rVeFX/qT/2pOP1f/9f/9d4Zt/cDlMQRd+3S8x4t9QVolfTbdcHGGHRtq9JgiHQk0UAptM9enDOc1aWOneIjxyOlxOIMkVaZTUtYlR7w0HwekKbnP0eF8UqBuGrIUIvjOrukQVfkHBtKK1Eu34EZpKadM+/6R5+uatjAYYaRfQp4LTaHObgQlErFnFso8tSSHjiL8UqqsxWvnpcUWaSEjcLPCTgSbsuHxoHyZOhinWkf0HBruV1bxQUFG2PQta1KgyHSkUQDpRB3qvGz60xPg48cj5QSizNEzptWS1iVHvDQfB4ofTwT3/E2Orsd5UgniAcHep3xfUsVE6Wqt+thi7haxMAZ8KqRDHG2u/ioUlx7NqikcRsIf/5GVXqxkruzWCrqLQbpiF4odY9aTilSL2W2kPKFdGKg21jYhwpV/c5Q1VKUFpHXMIE/oosYh/XGTz1UynyPv0BRSkeGGRpyuY8tpT8RezCcWDRzKzqBVYunuQj8kUQGsavDQCFSQrzGyB40q65UDKX1LsXDaz+wJYYtKlW9XQ9bJM/EwBnwLR1nu4uPKmW3ShEqadwGAlK1qJpSr1gq6i0G6YheKP1Hef8XK6lqKUqnv4YJ/BFdxDisN37qoVLme/wFilJ68fFMfMfb6KQ6WbfL4M7buZ9Ice74GZFKu4pFCpz60ghFGqTFlGKG6fMk9sztT+tTEC3BPZphf23VLxJrDX/oD/2h9Bn64VLXf/gf/oe9ihplh+GP/JE/UnX/32f/wl/4CxmIwd+qheY3ClrXGZpQ9WknvTP8e0Zg8zHxotUpIkNA5j9RS+verg+NRdNuy4czDOnESEhhmMhc7A4pzjNMKQLOjE+5yi9LhNe6FGYL0xPZkBQXGi9WsiUEpxddlKc0/sV4/8MUREtwLBkSSyOLJxim19VRXONedgiqQSlMfOQv24a4M9ROEYNFh5Q8RJznqXFdyPwnamnd2/WhsWjabflwhiGdGAmPZ+I73kbn1dkVXWMnLjrKYpCOnOde+qvyJ5Qeuz2F/Ue9zPTbeKGH8p7LP/ADP5D53/l3/h0Tir0bUnriX0v+1t/ac/xf/Vf/1Ur3r5frnUEPXi1NML93VWN/9md/VtW2a8lDyRPvJdEQLVVby0xLZLA3H81HUC2aSQxOYNXiaS4CfySRQdxTgEKkhHiNEReRclc+lIqhtN6l5kzEh1WvQR8vjSeKFJAunrjrF6yOT58SEt3MliuNMOBu73C5X4ZoURJLTQhP5qZFoPRX5f6PaClKp7+GCfwRXcQ4rDd+6qFS5nv8BYpSOjLM0JDLfWwp/YnYg+HEoplb0QmsWjzNReCPJDKIf+/3/+OZ+I630ZE5QaQDvU/ygZTzSrhypU45Lq4Lmf9ELb6KSoum3ZbHxYN0YiSkMEyM99jtWdzTPz4P9A7ouUy5xv2239YLg5LZa8ALg3JbLnPTwqn/4T/8h5lLw8///M+X9gqRZug3h7eXrmLzU773e783A96PmEo2GZrQuyeylg6n+JTGLRHqTdnHjOwpP0jPUeeZQ3wzAwXMLGZIL8ahamnT1nsPu3qrMtP3FR0JPEiI8CcqlVKmF+H8CMUM/JRzmlHEJ8OpQOmU6cxDSh4izvPUuC5k/hO1PH0Q0bTb8vhQkE6MhBSGiczFzrk4zzClCDgzPuUqvywRXutSmC1MT2RDUtwteLGSLSE4vZi5+JTG6y2G/CnrivyK3/+PZ+I73saO7CQuDy5daaJzF6drBDeKB0dkjTxVI8GEXf5d7/SAaxFDtriBPdB7IvcI7g/vSmJP9v6kz2b47//9vz9bPyYamzkwnwulpPcbIjJ4JXhJNLBnfR6bqVq8h10KMfSCqaW3RUql/dxpAuLvpqxbusY4ktJRvNYhfSWfDuwwRJwkfranlE5ZNb2oFDROvKyvthry7BIPaxwyGBiY9Z6N0ik40WeZsgdBnAE07hZ6qDf2QUDXqYxHnj516UoTTTjnFM9PXan4D/v+LyIw0UA2vFgarDjzuRBF11C1XjYTeOYXV6JkJs5DRIAncjYiKR3Fax3SV/LpYDuMOEn8bE8pnbJq+uOZ+I630WHtyK4jPC4P4kyh1BVKXCniwkRmCylfSCcG+q5il7kSrlpJVUtROh28OYJfAynx3hCLEO/P+82J9LMjm1WKQy+MfmeYH1L8KPGXYKU963sN3N7HofUWMTxYKMTbVcPz94aI2JiP0PssvV4zicEJpGxviWcK/JFEBrGrw0AhUkK8xoiLSLkrH0rFUFrvUnMm4sOq16CPl8YTRQpIF0/c9QtWx6dPCYl7NEgjDHjVSLjcL0PST0y8LR8WQpoWgdJfm/f/CRP4I7qIcVhv/NRDpcz3+AsUpXRkmKEhl/vYUvoTsQfDiUUzt+Kv7v3/eCa+423s7JDgoKUjib6cUojv9M+uMz0Nuxt2ycUZIudNoyWsSg94aD5P6LdFiKT3yP7Jn/xJXMt4o6qe7wzI0Oq9MLwSJvq7qd4Zdtuzfn95BX7TUIonUrwzpE1LKfqdwRDOT1c1UFRhhhH7gZQzDTxQCfB7wKPaWnhxhkBHVGGK72eKdHMy3MYHSomnp3OmSEMl1WJp1V3Zp4Ehg/gEvUPp/EsNpKw6ErbcqSf+2r//gzQ9/zkqjFcKxFVDhlqaED+7pEFX5BwbSitRLt+BGaSmnTPv+kefrmrYwGGGkX2KkHKmgQcqAX4PeFRbCy8+nonveBvOy3f4PNPrOG8QXchQiRLigU5UZcOLpzngeSK6TptRDJf7xa+qNDG4xZV+6qd+qj/g+6nRE7lHv1Jgtmio6t+ow2aGeF0aKZG9M2zJ5EgppXQvAAqC7yVkITGlN00kZLMNLZaOFPecCjwhEs7v9mx35QNS8ouUxlJUi6UWFUvDBhJVW3Eikj5CnD80RzWSDvFKdHitZCuaEPATp+Fq+HhLxJT4RLHS9oCz/fq4/8fPXpBaFFbdzBAnBsrJjT3TJyUyZVUxWEicM0RK06+Gl6sWKf4jvv8fz8R3vI0dK+z4zrM+HxaO+CkNuoJS2FgXBh+I9HixVbQbNT0P84bffV/9h/7QH4rPHPrp0DtD+mf/7J/dg96cE5z7N3BDio3tXVIJN+pnf/Zn9zujdO8MSPRf2fpbr43Cg3+Nrz3FQP/asXfGYH7QiBAjekGVgi89V7/li8BZYu7Mmy89Vy/SvxQepusNVt9axdJfm/c/PjO+9NxzIj5whnE2Yylxo4jXksduB/rEyFYsIoOBdPyE+YEBIUZOv+qm3dojLa73li8CZ4m5U7L50sjjmfiOt9HBOcrBmRaDMwV6D5FQy7o4EbHS6S+W8iOVEEgvJoI0Q6R0LcQG3q7r/wBJj++UUOqfuHtAq9ZbGvCi/5X40nqr4k3+yZ/8yQylPfrT/8yf+TOJpZ74PeI99FO8M1QhblovA+kP/MAP9KaxsVB7BiVpmz/fGfeYqzoyviEnlIaU/Csh98E8znAxG5GiSxrGI9mkRelKE21SnK4RzO8uemrksZlggsdcZJc4PeBaxJAtvrEITDSQDd/9bEU2fNiEMH+gX3f/r437n5gSIvuwV+1lJ4BPGcmMN8qHktKf0qvhGKUKcy4NdYW76aGHdCmPalh1ZHxDTigNKflXQmxAupiNSNElDY9n4jvehoN7nNlxhe4D/3BLTWQudo8W5xmmFAFnxqdc5ZclwmtdCrMFeo/dntSe6UW/Ktz9zD2plYrBb4VN7hXyn//n//k94DIk+kL28uAPefwbuB8ltbdo74zaB9P8HDGqsd5AlcBOwNvLWyQ007Np245D1X0iZtMiVZnpTXgigQcJEf5EpVLK9CK0KELMwE85pxlFfDKcCpRSiEWpk4+YRoz4OGsJzio88rtae7oJxScC0qAdST+H0+dJiWeYyFxsueI8w5Qi4Mz4lKv8skR4rUthtjA9kQ1JcbfgxUq2hOD0omN/SuP1FkP+lHVFds6D9BwVvytXCeKbGShgZnHbjkPVUp+I+R529VZlpjfhiQQeJET4E5VKKeLjmfiOt+H4nFrkjI5bPJWJRVASc4bdWHERgfhWKdWrpEuEOMwTNi1d6jalTyw+TQ5bVBxWGuiJazkxJZLh/DgU1fQQcTdHVGemFLNNCQzhSQ9KxXjVjZoC0sBsFEOpE1uVHp9ImW5CEVGKEONQKsLuBB6kGG9CWG+cPmdIXAlOQxFSwhRdISV9aXjt0VjKuViJeVV8YhGUxJzh/f6Pq6aHyK/9+//xTHzH23BkT+dbdMQdawQvqgLxujI31hKuKS9XjqjKhhdPc8DzRHSdNqMYLveLX1VpYnCDKo2fvSC1KKy6mSFODJSTG3umT0pkyqpisJA4Z4iUpl8NL1+bSLHrclsu8IRIOL+Zs92VD0jJL1IaS1EtllpULA0bSFT1fCQi6SPE+UNzVCPpEK9Eh9dKtqIJAT9xGq6Gj7dETIlPFG3gFEsj7/c/xImBcnJjz/RJiUxZVQwWEucMkdL0q+HlqkWK/5Du/8cz8R1vo4O7r8h1SURHXOzEr+N8gYsx56pX8y1mcJGIrgowhPhIhloqERHQnriLmvhEvlDJzE22jXglLar8KWHLBYpSaSVQjVgFl4ZIil5cDAxh6RMZnpTShpxHZEsdcko8kQe5mx7Lvf624HZlkykGbhQyc9FV3nKiIREoDbiBAZkeKcVH4HK/+MPEsxTogWKg+SeB+FpKTw7SEK83IEri7nBwz8y56tV8ixkcO/HcM0OIj2Q4Ly4C2hPFkPhEvlDJzE22jXglLar8KWHLBYpSaSVQjVgFl4ZIil5cDAxh6RMZnpTShpxHZEsdcko8kQe5mx7LuRCBGHC7sskUAzfq8Ux8x9twcMXrXF+Ozy3lfF2e8HSpIruc5wUIp0cp0UyRoVJcNUg35Mmg5a5ciIcNH4GzFPBgP5bYHihLxfYZyXaKG3W2R9hEmJnIHNaIqz5FwB1XPGKhtQdpsNttJpwGkWJLxHhIXDUx4GFfvJDHKoHNkJCtaHJgjiwibJuABNXaM+D0DQzSbcC2tSwNzIYEpc0vmnAXr6pS8eyNZ4trMSG0Fp4hRLKlxMWUe8ZjCEUp0UyRoVJcNUg35Mmg5a5ciIcNH4GzFPBgP5bYHihLxR3UKW7U2R5hE2FmInNYI676FAF3XPGIhdYepMFut5lwGkSKLRHjIXHVxzPxHW/DYTk+p7kTLIX4xKdTDhlcM+AfKZoMcd894mko3otfKD1nBk+HtZxI0YufEal0LkeBU18aoUiDtJhSzDB9nmvcjSmIlrCHTmJpZPEEw/S6fHOITQDVoBQmPvKXbUPcGWqniMGiQ0oeIs7z1LguZP4TtbTu7frQWDTttnw4w5BOjIQUhonMxY6lOM8wpQg4Mz4Fj+AZeBggPjHbmYYM7/d/uMbdmIJoCT54hsTSyOIJhul1/SO7/x/PxHe8jR1Z57hrE0rTcR6iw32NXYaN4izqVcUz8AeGJ5udTAlPfF2ljYqckVk8lYlFUBJzBt/VPHERgfhWKdWrpEuEOMwTNi1d2q2MnGLxaXLYouKw0kBPXMuJKZEM58ehqKaHyHk5ronHTCTblMAQnvSgVIxX3agpIA3MRjGUOrFV6fGJlOkmFBGlCDFeTHy//8OX8v3/eCa+4204uIDs+HbWrl8R2UEjxVBpUXVmyhM3nAdSwmmu6s8FU3A2awFDevEh3ZDexWekW13XSYKuLTExPPl5Tiey77ySDxLqKq7LHCm/mfTi0ieY8xqVirUEi5pjlcBAl0YgLk0v5pmiJUzP46uOI3ozmECMB6Sovbh2cGJznsOJGXwi4rkrhhAfyVBLJSIC2hO3yZBefCox0xG2qkgxVFpUnZnyxA3ngZRwmqvu81JwNmsBQ3rxId2Q3sVnpFtd10mCri0xMTz5eU4n8kV6/z+eie94GztWZxrfme58h1UrqaZMjCSKFJAunrjrF6yOT58SEncTSCMMeNVIuNwvQ9JP3ItcYKDc9od/5NSHiSGeMl7k2SrSwBMqSRGcsxinPNn6+s1/NoprnwjxGl8rnVJD4vCo3dX05vi2w3YVbvvFE7eNJ2wbG8Vpxdvy0Rz+wPBks5Mp4Ymvq7RRkTMyi6cysQibMNtEfFj1mvKyh4mRRJEC0sUTd/2C1fHpU0Li+/1/NoprnwjxGl8rb9//j2fiO96GgyuelzkerkO9j7KYKFW9XQ9bJM/EwBlwVzpDnO0ufrRu1xIpQiWN20BAqhZVU3yXfGdEvcUgHdELpW4syylF6qXMFlK+kE4MdBsL+1BBtZKqlqJ0+muYwB/RRYzDeuOnHiplvsdfoCilI8MMDbncx5bSn4g9GE4smrkVncCqxdNcBP5IIoPotTGdSAnxGiN7Oqy6UjGU1rvUnIkhno4HtnmKiVLV2/WwRfJMDJwB39Jxtrv4qFJ2qxShksZtICBVi6op9Yqlot5ikI7ohdL3+//E45n4jrfRSe24cWd6HihDevEh3ZDexWeku666ThJ0bYmJ4cnPczoRT5OIkq9NqKu4LnOk/GbSi0ufYM5rVCrWEixqjlUCA10agbg0vZhnipYwPY/vP47ozWACMR6Qovbi2sGJzXkOJ2bwiYjnrhhCfCRDLZWICGhP3CYTn8gXKpm5ybYRr6RFlT8lbLlAUSqtBKoRq+BnGsG1KwGDgQ/phvQuPiO9CRFdJwm6tsTE8OTnOZ3ITkDJhQt1FddljpTfTHpx6RPMeY1KxVqCRc2xSmCgSyMQl6YX80zREqbnOW9RRG8GE4jxgBS1F9cOTmzOczgxw+OZ+I634QLsoMH1cP12FacrUeplCEoUHFTndIUiZ/WTBDZ/JKSLDM00NjAEvKjxLl53xl280qedZBPTJyJXwwtKMzBLQ2Otonf6J5XAHKYMlNv7kdldfk4rPu2WM9J+0mtZtQj45b5JnjN92lixCRtiD6fHBtiKO4ftRIkiPdtFvU/6xq5R6TUp2ph0jTaDV1ItWmglVSVQmq24xogSpV6GoETBQXXOCPGsfpLA5o+EdJGhmcYGhoAXNd7F9/v/wS/3Tc77//FMfMfbuE7x5eh3vqVQmojscJUiE4HtOvuXiwen3rVElJCloeXOmTOMbJPD5hfrjfAQ4zxPTvGTTiklrhenI5yqEbxYOvMtP7oCA1iueM7ZV5puzpkGXUEpbOzTEkCkx4u+UdKRYh7mDb/7PgyfHl967jkRHzjDOJuxlLhRxGvJY7cDfWJkKxaRwUA6fsL8oKs0z1rudS6UJiLv9/90hFM1ghdLZ77lR1dgAMsVzzm/uvf/45n4jrfRSXWaHdziTtCBTplYBCUxZ3DJ88RFBOJbpVSvki4R4jBP2LR06b4kp1h8mhy2qDisNNAT13JiSiTD+XEoqukh4jERUZ2ZUsw2JTCEJz0oFeNVN2oKSAOzUQylTmxVenwiZboJRUQpQoxDqQi7E3iQYrwJYb1x+pwhcSU4DUVICVN0hZT0peGTHuBcVBJPZWIRlMSc4f3+j6umh8gX0f3/eCa+4210ZF3UTk0sPc9xJ74LnxJSlAJFqbQSqEYqjUtDJEUvLgaGsPSJDE9KaUP2QVJsqbskJZ7Ig9xNj+XyIMSA25VNphi4UcjMxX2HlURDIlAacAMDMj1Sio/A5X7xh4lnKdADxUDzTwLxtZSeHKThkd9YGjEf4uYHoxKlqrfrYYtse8AZ8KqRDHG2u/ioUlxiNqikcRsISNWiasr7/R/e7/88j2fiO97GdagvJ/50jg56VRFxSS7TDfpphmynIZKHKJ3BrUZ8un2NDRZ9IhkinES8Lor2tYT4uVWl4nQbiCuFiDq0ZrIAAIKRSURBVKfGCJSKbAEv1m4aA5RurFVWjUwEtnQeYjj1bUYJWRpa7pw5w8g2OWx+sd4IDzHO8+QUP+mUUuJ6cTrCqRrBi6Uz3/KjKzCA5YrnnM5n1RRzzpSSk4jD/PFFxBKX6Qb9NIM9TInkIUpncM7EXa+78vjswaJPJEOEk4jXRdG+lhA/t6pUnG4DcaUQ+VK4/x/PxHe8jc7LqTk4xJWIKO3QXS1iMU/KDl2cXlz6hPMOOFGpWEuwqDlWCQx0aQTi0vRinilawvQ8zWcwJ+jNYAIxHpCi9uLawYnNeQ4nZvCJiOeuGEJ8JEMtlYgIaE/cJhOfyBcqmbnJthGvpEWVPyVsuUBRKq0EqhGr4NIQSdGLi4EhLH0iw5NS2pDziGypQ06JJ/Igd9NjORciEE8PshNQmt9YYjGPT1TKbxq9uPQJ294TKhVrCRY1xyqBgS6NQFyaXswzRUuYnqf5DOYEvRlMIMYDUtReXDs4sTnP4cQMPhHx3BVDiI9kOC8uAtoTt8nEJ/KFSmZusm3EK8Ufz8R3vI2OzLUMTva8tMXgZF0GpEPnGaTnqN03lBDfzEABM4uuZTEOVUubtt572NVblZnehCcSeJAQ4U9UKqVML8L5EYoZ+CnnNKOIT4ZTgVIKsSjdyZtGjPg4awnOKjzyu1p7ugnFJwLSoB2hFy1EPJfDi2zjognAkE7c8E1A2KoixVBpUXVmyhM3nAdSwmmuulOl4GzWYggM828yczGO7JwH6Tkqflcei4b4uVsKmFm0pWIcqpY2bb33sKu3KjPd5TtJ4EFChD9RqZQyvQjnRyhm4Kec04wiPhlOBUopxKJ0J28aMeLjrCU4q/DI72rt6SYUnwhIg3aEXnw8E9/xNjqsjvs6xeOIp4RE19IRl0YY8PPGIhbTT+QHBsptf/hHTn2YGOIp40WerSINPKGSFME5i3HKk819GQlno7j2iRDfjQuUTqkhcXjU7mp6c/I8pGNX4bZfPHHbeMK2sVGcVrwtH83hDwxPNjuZEp74ukobFTkjs3gqE4ugJOYMO7q4iEB8q5TqVdIlQhzmCZuWLu26FDnpYUpIfL//z0Zx7RMhvosIlC+K+//xTHzH27hP8nGXOMRiZ0p3uPgIXO6PbybiWQr0QDHQ/JNAfC2lJwdpeOQ3lkbMh7j5wahEqertetgi2x5wBrxqJEOc7S4+qhQPIDaopHEbCEjVomqKB5MHkKi3GKQjeqHUt9RySpF6KbOFlC+kEwPdxsI+VFCtpKqlKJ3+GibwR3QR47De+KmHSpnv8RcoSunIMENDLvexpfQnon0eZDPPHY7A5T5OaeJZCvRAMdD8k0B8LaUnB2l45DeWRsyHuPnBqESp6u162CLbHnAGvGokQ5ztLj6qlC/2+//xTHzH23BkwcXbReqy7c3vlEE1KIWJj/y+DA92c3eDdooYLDqk5CHiPE+N60LmP1GLO09p0bTbcnnu+oV0YiSkMExkLnYsxXmGKUXAmfEpV/llifBal8JsYXoiG5LS56WLlWwJwelFF+UpjddbDPlT1hXxzVQF6TnqPHOIb2aggJnFbTsOVUt9IuZ72NVblZm+u3Qk8CAhwp+oVEopltLXGFp6AxP5g2pQChMf+cefMe58tFPEYNEhJQ8R53lqXBcy/4lazmuxaNptuTx3/UI6MRJSGCYyFzuW4jzDlCLgzPiUq/yyRHitS2G2MD2RDUlxt+DFSraE4PSii/KUPp6J73gbnVSneV2E46ChNBFxpk+nv3MPbOk8xHDq+xIqIUtDy50zZxjZJofNL9Yb4SHGeZ6c4iedUkpcL05HOFUjeLF05lt+dAUGsFzxnNP5rJpizpkGXUEpbOzTEkCkx4u+89KRYh7mDb/7PgyfHl967jkRHzjDOJuxlLhRxGvJY7cDfWJkKxaRwUA6fsL8wFCaZy33OhdKE5H3+386wqkawYulM9/yoyswgOWK55xf9fv/8Ux8x9vosE50iJ2gQ9yFiXSgp1i6C8wf4lUDTgz4ZX0hRTape/2uX9xakCIt4qAaSYy8jpChhWz1Id0ovXd67WHVom8sXYS1302PDxjODaRvY3fxwxLpnIEhxCdmO9OQYScc+EeKJkO8nV+LveyNKN6LXyg9Zwafdy0nUvTiZ0QqnctR4NSXRijSIC2mFDNMn+cad2MKoiX44BkSSyOLJxim19VRXOPurmGr4BM3n1i6k+QP8aoBJwb8sr6QIpu0zSC4tSDl3HkRVCOJkdcRMrTQ7vCh9N7ptYdVi+4Hughrv5seHzCcG0jfxu7ihyXSOQNDiE/MdqYhw3mv8o8UTYa424B4Gor34hdKz5nB513L45n4jrdxH911zTrNTg0ct1N2mrsY0lB16UiiyyCF+O7Ls+tMT0Nr4a43sThDxC1ytoRV6QEPzecBaXr+c1QYrxSIq4YMtTius0sadEXOsaG0EuXyHZhBato5865/9Omqhg0cZhjZpwgpZxp4oBLg94BHtbXw4gyBjqjClB2UdHMy3MYHSomnp3OmSEMl1WJp1V3Zp4Ehg/gEvUOeFPsEhnNpyjX0ZeCWO/XE9/tfV+QcG0orUS7fgRmkpp0z7/pHn65q2MBhhpF9ipBypoEHHs/Ed7yNHdlJuhhS5ERit0vnvpK7x8XbFyYYVQy7ZV2wdH7VQEEW81+1G/HEMALniiHnIufdfWF7ji8irzcTTjPY4ZRInnPbM7SrInE7vCsfPohFn0iGCCcRr4uifS0hfm5VqTjdBuJKIbKrhkCpyBbwYu2mMUDpxlpl1chEYEvnIYZT32aUkKWh5c6ZM4xsk8PmF+uN8BDjl+njORsy55DYJpu50k4y/oX2lid/yEY/P3WgIIv5r9qNeGIYgXPFkHOR8+6+sD3HF5HXmwmnGexwSiTPue0ZnDNxO7wrHz6IRZ9IhggnEa+Lon0tIX5uVak43QbiSiGyq7ZbLjyeie94G51gh+UcIb4rVEy5jvOGawCddfHpau3CmHC2XKM/vr0qqc5WvHpeUmSREjYKPyfgSLgtHxoHypPBjb60D2i4tXbnnTeZjTHo2lalwRDpSOLTdynEnWr87DrT0+AjxyOlxOIMkVaZTUtYlR7w0HwekKbnP0eF8UqBuGrIUIvjOrukQVfkHBtKK1Eu34EZpKadM+/6R5+uatjAYQY8A8Q3sJhyWy6kXz03XAhKpWLOLWTC2XKN/vjqVFKdrXj1vKTIIiVsFH5OwJFwWz40DpQnQxfrTPuAhlvL7doqLijYGIOubVUaDJGOJBoohbhTjZ9dZ3oafOR4pJRYnCFy3rRawqr0gD+eie94G53Ul33Zl/0T/8Q/8RtuxEPkH/vH/rHIP/lP/pP/+D/+j1NWDfH0osYUafEcNZIoRU4kWmWl0kTr2gYYVQx58gfrpvOrBgqymP+q3YgnhhE4Vww5Fznv7gvbc3wReb2ZcJrBDqdE8pzbnqFdFYnb4V358EEs+kQyRDiJeF0U7WsJ8XOrSsXpNhBXCpFdNQRKRbaAF2s3jQFKN9Yqq0YmAls6DzGc+jajhCwN9lC8XR9sFqr9nHYXL8RtSWOKtHiOGrFKHDmRaJWVdpLx8/MaVQx58gfrpvOrBgqymP+q3YgnhhE4Vww5Fznv7gvbc3wReb2ZcJrBDqdE8pzbnqFdFYnb4V358EEs+kQyRDiJeF0U7Voez8R3vI3eGTvinb5jxZ+uUMAder07dOntfVyDmYuuemYl0ZAIlAbcwIBMj5TiI3C5j/ts4lkK9EAx0PyTQHwtpScHaXjkN5ZGzIe4+cGoRKnq7XrYItsecAa8aiRDnO0uPqqUjh0pQiWN20BAqhZVU1x6F07UWwzSEb1Q2kONuFKkXspsIeUL6cRAt7GwDxVUK6lqKUqnv4YJnPcij90GBtwhBGLAtderyyobhcxcdIBbTjQkAqUBNzAg0yOl+Ahc7hd/mHiWAj1QDDT/JBBfS+nJQRoe+Y2lEfMhbn4wKlGqersetsi2B5wBrxrJEGe7i48qZbdKESpp3AYC8ngmvuNt+J3hyMSO9TrFO92TAnfWkHIefRFUI4mR1xEytJAny0O6UXpf2WsPqxZ9dekirP1uuvSUcG4gfRu7ix+WSOcMDCE+MduZhgw2BvwjRZMh7q4lnobivfiF0nNm8HnXciJFL35GpNK5HAVOfWmEIg3SYkoxw/R5rnE3piBagg+eIbE0sniCYXpdHcU17mWHoBqUwsRH/rJtiO+eCRQxWBQoSJFZ2gQEf+o6d14E1Uhi5HWEDC30fv9D6a+F+//xTHzH2+id4YvR8XVwOz5pJHxSL0KlUobZpitR6mUIShQcVOeMEM/qJwls/khIFxmaaWxgCHhR4138cB/Hn3aSTUyfiFwNLyjNwCwNjbWK3umfVAJzmDJQbu9H5vOaBtWn3XJG2k+67/bMgF/um+ybLH3aWLEJG2IPp8cG2Io7h+1EiSI920W9T/rGrlHpNSnamLSW86y2E2kkfFIvghUZZpuuRLG9SFCi4KA6Z4R4Vj9JYPNHQrrI0ExjA0PAixrv4pfc/f94Jr7jbfid4dQGqVPuKHEHPV4pEFcNGWppQvzskgZdkXNsKK1EuXwHZpCads6864+bQFo1bOAww8g+RUg508ADlQC/BzyqrYUXZwh0RBWm7KCkm5PhNj5QSjw9nTNFGiqpFkur7so+DQwZxCfoHUrnX2ogRTUkqk6MZIPb+1hRGlfSNc4QroaXIwpKwRAtRen80pD/FM+9iSM7JZCm1/5+/z/Yy0cO+D3gUW0tvDhDoCOqMGUHJd2cDLfxgVLi6fkVv/8fz8R3vA3vjE6/6KBF2Jnex37pKcEFkKa7cqvOnM4ZGEJ8YrYzDRm6zI/kZYmRoskQ95UmnobivfiF0nNm8HnXciJFL35GpNK5HAVOfWmEIg3SYkoxw/R5rnE3piBagg+eIbE0sniCYXpdvqXEJoBqUAoTH/nLtiG+eyZQxGDRISUPEed5alwXMv+JWlr3dn1oLJp2Wz6cYUgnRkIKw0R8nyXD2Z6IJNKvtrtRqZhu8qozX0u+bIAhxCdmO9OQ4f3+D9e4G1MQLcEHz5BYGlk8wTC9rjfu/8cz8R1vo3eG4wOn2fERcSUnO84QroaXPy8EpWCIlqJ0fmnIf4pWwcXXJM++A9cOXva5aoo04LZnbwxht12GEMmWEhdT7hmPIRSlRDNFhkpx1SDdkCeDlrtyIR42fATOUsCD/Vhie6AsFZ1YtlPcqLM9wibCzETmsEZc9SkC7rjiEQutPUiD3W4z4TSIFFsixkPiqokBD56VkGdnEof5ibjSJuMM4Wp4v/9vQ6W4apBuyJNBy125EA8bPgJnKeDBfiyxPVCWik4s2ylulPbHM/Edb8M7I3Rwzq5D7PiIT3DK2TLEuwycLs9t+WgOf2B4srnbpoQnvq7SRkXOyCyeysQiKIk5w26guIhAfKuU6lXSJUIc5gmbli7t+4mcYvFpctii4rDSQE9cy4kpkQznx6GopofIeTmuicdMJNuUwBCe9KBUjFfdqCkgDcxGMZQ6sVXp8YmU6SYUEaUIMQ6lIvjUYVWrE59goWwZ4u/3f4jDPGHT0qVfFPf/45n4jrfRO8PxObgdX/GTV2JiBOJ1nRejCKaBmZRKxZyl54Sz5Rr98TWupDpb8ep5SZFFStgo/JyAI+G2fGgcKE8GX4OlfUDDrVU13irpt+uCjTHo2lalwRDpSKKBUog71fjZdaanwUeOR0qJxRkirTKblrAqPeCh+TwgTc9/jgrjlQJx1ZChFsd1dkmDrsg5NpRWoly+AzNITTtnRvTyiA5ty52YGIH4BppWBNPATEqlYs7Sc8LZco1+WasYr6Q6W/HqeUmRRUrYKPycgCPhtnxoHChPhi7WmfYBDbeW27VVXFCwMQZd26o0GCIdSTRQCnGnGj+7zvQ0+MjxSCmxOMPjmfiOt+HfMzqyX393QKRVZtMSVqUHPDSfB6Tp+c9RYbxSIK4aMtTiuM4uadAVOceG0kqUy3dgBqlp58y7/tGnqxo2cJhhZJ8ipJxp4IFKgN8DHtXWwoszBDqiClN2UNLNyXAbHyglnp7OmSINlVSLpVV3ZZ8GQp6G3K2PIfk5Ta4ar90+obR4Lk2JS8OWO/VEA6UQbzjl7DrT09BauA9FLM4QaZXZtIRV6QEPOyWQpuc/R4XxSoG4ashQi+M6u6RBV+QcG0orUS7fgRmkpp0z7/pHn65q2MBhhpE8j2fiO96Gv5tyrNdZfuoqjkeeLufZNbH2uDhdI5h/3k+3/PDYTDBh35N9zdIDrkUM2eIbi8BEA9nwYmmw4sznQhRdQ9V62UzgmV9ciZKZOA8RAZ7I2YikdBSvdUhfyaeD7TDiJPGzPaV0yqrpRaWgceJlfbXVkKcNRIiwxiGDgYFZ79konYITfZYppeMMoHG30EN9Qc72gFctPT3jkadPfXZNtK44/fzU5u9w1shjM8EEFzGyzacHXIsYssU3FoGJBrLhxdJgxZnPhSi6hqr1spnAM7+4EiUzcR4iAjyRsxFJ6She65C+kk8H22HESeJn++OZ+I634XeGKxQ6wR1iZ4qcxwqU2/uR2Tf2nFZ0baSBM+Juq2XVIuCX+yau8dKnjRWbsCH2cHpsgK3oG1JpO1GiSM92Ue+TvrFrVHpNijYmXaPN4JVUixZaadVtYEQ125AoBvOB3jbC2cWJiJVOf7GUH6mEQHoxEaQZIqVrITbwdj3uupQQ8Q3Hg17Ap4xkxhvlQ0npT+nVcIxSldoJnRI+uROg3N6PzM7qnFasRLntj1so8n7/F39N3f+PZ+I73sb5znCCofOdsojs6IF+miHbaYjkIUpnOO+k+G1/zDc2WPSJZIhwEvG6KNrXEuLnVpWK020grhQi3Xb5R6BUZAt4sXbTGKB0Y62yamQisKXzEMOpbzNKyNLQcufMGUa2yWHzi/VGeIhxnien+EmnlBLXi9MRTtUIXiyd+ZYfXYEBLFc853Q+q6aYc6ZBF7F4zb0xf3wRscRlukE/zWAPUyJ5iNIZnDNx1+uuPPYWLPpEMkQ4iXhdFO1rCfFzq0rF6TYQVwqRL537//FMfMfb8G/gjzO7T1Pq8hRBNeKUX0fI0JXwdX1IN0rTQ3zV4u7RUhHWfjc9vgPh3ED6NnYXPyyRzhkYQnxitjMNGWwM+EeKJkO8nV+LveyNKN6LXyg9Z4Z9W8QTKXrxMyKVzuUocOpLIxRpkBZTihmmz3ONuzEF0RJ88AyJpZHFEwzT69qXPLEJoBqUwsRH/rJtiO+eCRQxWHRIyUPEeZ4az66lRRxUI+t6ipCh4e/3P5R+cd3/j2fiO96Gd8ZOc0h0ptLIeWGQwTWg4yfMDwwIMXL6VTft1h5pcb23fBE4S8zdqTZfeq5epHfvRvCiKhBrhLWEa8q9k0BUZcOLpzngeSK6TptRDJf7xa+qNDH00VYaP3tBalFYdTNDnBgoJzf2TJ+UyJRVxWAhcc4QKU2/Gl6uXaTomQI8IRJ8WPpsd+UDUvKLlMZSVIulFhVLT8NAnzg/jgw2T8dPmB8YEGLk9Ktu2q090uJ6b/kicJaY3+9/qUVh1c0McWIofTwT3/E2/N3U49jug3OORPE8+l2eETi/7SHnIufdfaH5UxYRl/My3aCfZtiVlkbynNueoV0ViU8Pmu3fok8kQ4STiNdF0b6WED+3qlScbgNxpRBx349AqcgW8GLtpjFA6cZaZdXIRGBL5yGGU99mlJCloeXOmTOMbJPD5hfrjfAQ4zxPTvGTTiklrhenI5yqEbxYeo6F+JyLVoS1jMB5GiHn4rml0Pwpi8g2BvTTDHY4JZLn3PYMzpm4Hd6VDx/Eok8kQ4STiNdF0b6WED+3qlScbgNxpRD5NXX/P56J73gbe2d0ZO6w4BCR9BOuWWCg3PaHf+TUh4khnjJe5Nkq0sATKkkRnLMYpzzZuh3nPxvFtU+EeI2vlU6pIXF41O5qenPOu3+7Crf94onbxhO2jY3itOJt+WgOf2B4stnJlPDE11XaqMgZmcVTmVgEJTFn2NHFRQTiW6VUr5IuEeIwT9i0dKm7lz6x+DQ5bFERSXy//4kQ30UEyq/j+//xTHzH29i/gTvEE/fBXhhnOy9MPLF0p49UKg70iZGtWEQGA+n4CfMDA0KMnH7VTbu1R1pc7y1fBM4S827c0nP1It23CC+qArFGWEu4ptw7CURVNrx4mgOeJ6LrtBnFcLlf/KpKE8O+3pXGz16QWhRW3cwQJwbKyY090yclMmVVMVhInDNEStOvhpdrFyl2XW7LBZ4QCefTpLjGE5fvxjhbQ6bErUW8FnipFgf6xMhWLCKDgXT8hPmBASFGTr/qpt3aIy2u95YvAmeJ+Uvn/n88E9/xNnpndGS7BmHfNKJqBzoRSR8hzh+aoxpJh3glOrxWshVNCPiJ03A1fLwlYkp8olhpe8BDpfFwd1zmPm/Q24FsCODFWih6DV+1CRTVy3f8oW/K/GF7CPGQuZZzD8Qv1EKP1IWYEFcqxeHcTHHE2MtxdFGKFhLbW/MjRo2YMEwPD+ljKDkfKe4jlBJXvXoO2Ax9S5+9xFKnEfiD3krh/f7P0OcNer907v/HM/Edb8PvjODoHZ/0SYlMWVUMrsSux/RIafrVcFzR4r6cgSdEQte4SJ/trnxASn6R0liKarHUomJpeH8oZOjz7pC/dB4KxRFjJ75On5TIlFXFYNEtPT1Smn41HJsvvt//AT9xGq6Gj7dETIlPFCttD3ioNB7ujsvc590h7957PBPf8TZ6Z7gMndpwnevLxUBcCUg508ADlQC/BzyqrlmkOEOgI6owZVdXyv8f/8f/8S99jD/+x/+4mfNEuiEo0lAp/Nf/9X/9aLvxP//P/3NizmwnzsYTmR/sRun8Sw18Wgg4P1n6Pb/n96hu25H/4//4Px7lX/qlH/iBH7B6Ok/oiBxIkWKI9qKU35yh4VfDbbZzvHiu+4M/+IPztFwk3Fv4cLxFn1oacFfQthlCl2bmEMmWEhdT7hmPIRSlRDNFhkpx1SDdkCeDlpMMpZSRDQkpZxp4oBLg94BHdTsvzhDoiCpM8RlTpJuT4TY+UEo8PV/o/i8tllZ17OFpYMggPkHvUDr/UgMpqiFRdWIkG9zex4rSuJKucYZwNbwcUVAKhmgpSueXhvwTH8/Ed7wNfzd1nf0X273rEflDP/RDZ/pv/9v/9vyhUXEDKar/z//z//y//+//q5rY0/B/+p/+p0g2uL2PFaVxJV3jDOFq+A2/oQ20jZ77SsGLQUsxJPIr3a7HvetTtL3trdiDO0i1eK/k6cQiod66Kv1H/9F/pMvAyDX9XjGev95s/9a/9W8xhC/07N66KdbtdTVPhkiT3RWiIZXiqkFaSfpk0HJXLsTDho/AWQp4sB9LbA+UpaITyzZRS5AiDDDFZ0yRnu238YFS4ul5f3bnKUrnl4b8p3juTXxN8ria4drByz5XTZEG3PbsjSHs/n88E9/xNvzdVCe4ww1x6Bwf0quboLSzRk6xuC5ioEiLX/7lX/5bfstv+cxnPvNN3/RNn/3sZ7/t277t677u627jVQ3513JiSqSHo6cYsdhDs0d/vG2EyL7kxc3UuMcuAzCEJz0oFeNVpXQKGO6P5Dz/zX/z36RUKnVi+VXPdwbRqMR+95Tm8RbxMStl6G1X1bpQyaiQ3xdJ+0gx3gRvtXYopc8ZrGLdTmmGjrd145ASVIOukJK+NHzSA08iYuw5IZSm43frZUaGVZn3/DpheJj5jHBXLswcmomkS/+B7/9hpYGeuJYTUyIZfEwiRTU9RD55/9+Wx6hsUwJDeNKDUjFedaOmgDQwG8VQ+nT/0+MTKdNNKCJKEWIcSkV4+/4P643TKY9n4jveRu+MDu4+wMfRj5z6MDHsxPEiTxegVBV4vuIrvuLrv/7rv+M7vuO7vuu7ftfv+l3ffSP+Pd/zPb0/NqG4a4x0EyBhZE9nCxX7Q7GfC1D77h6gaIzDo/ayXHN802C7Crf94onbxhM8atvVRnmal76e43VCZBA3pPYe030unlC1gb028HXl11UstcNKbMUp/cIwXAk2p5gzbN242G6tK90qpXqV4osQh3mCsSFd+qv1CG6VMx059WFi2FbxIk9rlaoCT9g2EJyzGKc82boN5j8bxbVPhHiNr5XOuSFxeNTuanpz8jykY1fhtl88cdt4wraxUZxWvC0fzeEPDE82O5kSnvi6ShsVOSOzeCoTi6D0eCa+423s38A7NQdX3JnumiXu6ga8yDYumgAMX/3VX/0t3/ItvSG8KnpP9OZI+cZv/MZv+IZv+Kqv+qpeJ9lsQFc4Z6rGV92DVTWU9jzlgZ56idCzMmfVP/bH/lhpzgz3pMdw1VpCY3WFHpRskHl/qIdrpRv+dmjI1ljmqnp9nHNOfCeG/NAP/VB6H7DS+ad7l2Mvy7789N6U7Xld5lgoLjqWdOcmfULVe96F/WgLlYoa/fWUfVrFqNv44T6JQFyaXswzRUuYnsebA0f0ZjCBGA9IUXtx7eDE5jyHEzPUFZockPSIKp7ID3iRbVw0ARjSiRu+CQhbVaQYKi2qzkx54obzQEo4zVXdNlNwNmsBQ3rxId2Q3sVnpFtd10mCri0xMTz5eU4nssuhtPu/ruK6zJHym0kvLn3C45n4jrfh3zN21r5ClOsUj1IxlO66BldrIj4k9jL41m/91vsXxfWq6D3xtV/7tV/+5V+uWsvrRuniibt+oaX3zqD30Dwf7ok99RLtkNm/dlTaQ38zkcy11BjiPmNjSzNQMpyNPdBL9+8oFvJXOplTrBVfC710JVXgacWqpRkQpZxPPxT2CulpHvlP/pP/xJGGkWxi7XY4GF5plx4q9cOir2VD0sMf/+N/PPH826qm+RpDaTp+d1w8cdt4QqVito3itOJt+WgOf2B4su2BQglPfF2ljYqIqob/it//yDXoZQ8TI4kiBaSLJ+76Bavj06eERI9Uy5VGGPC9Pi/3y5D0E/ciFxgot/3hHzn1YWKIp4wXebaKNPCESlIE5yzGKU+23UXhbBTXPhHiNT6eie94G/s38E7NISK+gUrjLlWQBqlrAKvW+JnPfKb3ROjnRW+Lr/zKr2SYBz/vAOmTEpmy6tOzL3iMqnocl7YNLT3rg2pfmMy6Qp6QOXglGOVbx9lyKRZNyV9Jl8mUvTNKW6uqv4A60Z/flWzScyrYW6j09M7gB89ue0iPt2i8ReO9QgyxNxzMT6wU4l4/vfbuwR8OuerWvTpv0br+o4OJYv6cxXGN4+HuuMx9XndUqScXHfBiLRS9hq/aBIrq5TueF1PmD9tDiIfMdhKhz0xXGt8EaZCmP/Jj6c0MdgWUkxt7pk9KZMqqYrCQOGeIlKZfDTcnFt3YwBMiwYelz3ZXPiAlv0hpLEW1WGpRsTRsIFG1FSci6SPE+UNzVCPpEK9Eh9dKtqIJAT/xeCa+4230zuj4nPt5oMEpIy72qpGJwHYd/O3pl0Q/L7wtPvvZz3pb7LunBVkaWu7pbhZHtsng6eyvSko92Xv88fQQxyvZcE9APxf4i1U9B0M/FDi9AOLm6O2nhid4M1V93k1uAmUvlfTSoLoWsDGvk1Jzzi9PetU4kiFR1/mP2HZ7N33Z0zsDrBvwYqs0RxrZz5Q8zKqJ7Vwj89aNB7Zzz4n4wBnG2bYf3ChiEalUHOgTI1uxiAwG0vET5geG0jxrude5UJqI/P3e/8Rw6r+y9z9sfrHeCA8xzvPkFD/plFLienE6wqkawYulM9/yoyswgOWK55zzXkox50yDrqAUNvZpCSDS48Wn+396nscz8R1vw++M4Fh3gmG3eKXxXS1pkKY/8t/wG37jb/yN/t3iO7/zO3/bb/ttDA15lF9aftNv+k1f8zVf02+R8NVf/dUpKzXNQlMiU1T3sEu0eUqPzqq9HuKvka1q8fxy9tjNb4eewtYtsu1P/WfVokXvicbGt6s8pYnnOyNs3ZUi57elWHt677N4rysvj0oNCZZLWTv4u6nzndFy+R/JjWzFRJuJe9M085794ZB95LWErZuSgYgUm5ZeHA+VxsPdcZn7vO6oUk86OuDFWih6DV+1CRTVy3dPPm0jxbA9hHhgDhH6zHaoNL4J0iBNf+TH0psZtlCgnNzYM31SIlNWFYOFxDlDpDT9ani5apHief/zhEjYpSnOdlc+ICW/SGksRbVYalGxNJz3f6JqK05E0keI84fmqEbSIV6JDq+VbEUTAj48nonveBt7Z9xH+jhBfOe79EmJTFn1n/1n/9l/7p/75/qF8W3f9m1f8RVfsQujGvx7eK+T77nh3zm+8Ru/sdLf1328N8Rdv+BHQ7Gunux+Z8R1bWZiRLwWOB70id4KkfM+ruqd4V+btSvFPbubk2LUD/3QD1UKiar3pAspteB76Me3GXqvipRgPzOsGqn3C2F+exi31njwfup90OfdIXfC1i0F6/YiqYUSMUpVbAJF9fL9Az3Ha2kPcxK/UAs9UhdiQlypFIdzM9MjT9wqZ/qkRKasKgaLbunpkdL0q+HYfPHv6/7HT6TkFymNpagWSy0qloYNJKo6QCKSPkKcPzRHNZIO8Up0eK1kK5oQ8BOn4Wr4eEvElPhEsdL2gIdK4+HuuMx93scz8R1vo3dGB9chnvdNMSVE3Dp42IUJuzZL+4XRC6MfGd/xHd/x5V/+5Y1qbJGntdL3nui10Xvlm77pm/qd8VVf9VUmMMMal4Zt7HxnpKf4g3DP63gP9x5waxwZ3ycKRkXSe1DGeVLyb6E5/a8l+Iu19H5qYKl/IbCHa8TLGwVPtC7+VBK9+fostrq9bcN9Lr88zudI0dM/f42ZgwmuYOS8xAHfJ5Jmq7FINxn2F3S7JcaL94KPFVPEcyGKrqFqvWwm8MwvrkTJTJyHiABP5GxEUjqK6Zb+Fbn/kcx4o877n/6UXg3HKFWYc2moK9xNDz2kS3lUw6oj4xtyQmlIyb8SYgPSxWxEii5pGI9kkxalK020SXG6RjC/S/PUyGMzwQRXMPLJ+1+L+HgmvuNt9By/j+4DOtwTKTtfabivyPN980//0/9074DeB3th0MNXfuVX7r+e6qXyzd/8zb1d0q9Z9zQ2fmLtcXF6zrt4YW8IJX/H0quCp8bSnuYmdN/0vKul+yYS0kNOj9o1emf4I/Y5Nh4Se2Sn7FHS26K0ISml/oKohZiL+0eLKdkioW1Uahv12k8LpfS8thn+HtbtJyXU4l2YeaM4bbWl48ATyRbBG9VuUzoK76dmple1Hz/UQgtl9kmt20CliG8grh1SSqesml5UChonXtZXWw152kCECGscMhgYmPWejdIpeKJ0oA8p80hDawXpYjYiRZc0jEeySYvSlSbarThdI5i/w1kjj80EE1zEyP/nczNki28sAhMNZMOLpcGKM58LUXQNVetlM4FnfnElSmbiPEQEeCJnI5LSUTzpj2fiO97G/m6qEyzuSjjHHXr4pF6ESp/97Gf9wvin/ql/KmUtX/M1X5MO/aTo1XJeqtC0FBxU6QjxrHpnnNjjcvMfhRs9/lKqejKe6BnNXzVb8Kds8Id6VTvxZIce6C23AwmbH0l8vVzo50jfk9clmzQtGBjxogpeGKoDxTvDZ3EC5zUNbOfmQ28Ipfbj9bb/Irn4tC7Rc2fpTltabEWLxu3h9DgutqJnTSUxRYkiPdtFvU/6xq5R6TUp2tj0X/79X8ow23Qliu1FgtK5YVCdM0I8q58ksPkjIV1kaKaxgSHgRY138fFKkD7tJJuYPhG5Gl5QmoFZGnbd9U7/pBKYw5SBcns/Mn/y/n/aLWek/Tyeie94G/ud0amNwC7SSEgXGTr9EO/F8F039gOC4bf/9t/u58V3fud3fsVXfAVdyzlHTJ+IFIfSDMzS8Ct+53lnUJj/fu+89FpWLQJ+uW+S50yfNlZswobYw+mxAbbizmE7UaJIz3ZR75O+sWtUek2KNiZdo83glVSLFlpp1W1gRDXbkCgG84HeNsLZxYmIlU5/sTTx8h3DI8AcRkK6yHAv+NGKAS9uudCe7+KValkpm5g+EbkaXlCagVkadt31Tv+kEpjDlIFyez8yO6tzWvFpt5yR9pPuWswM+OW+SZ4zfdpYsQkbsut1Wy7FBtiKO4ftRIkiPdtFvdMfz8R3vI0v9HdTjjucF4Zy1z+6AP106G3Rz4jf8Tt+hyr0wkjvhfE7f+fv5Nz1CymlP3XjD/7BP0hRCpUAv1b6eG+R4gyBjqjClG4sunRzMtzGC94ZxNPTXUuRhkqqxdKqvjDhHAgZxCfoHUrnX2ogRTUkqk6MZIPb+1hRGlfSNc4QroaXIwpKwRAtRen80pD/FM+9ia9JnpajXDt42eeqKdKA2569MQRPKIYQcSHiYso94zGEopRIGThVQ0RapNz1D6PiVQNFFWYY2U5CypkGHqgE+D3gUW0tvDhDoCOqMMXppUg3J8NtfKCUeHq+FO7/xzPxHW9jfzd1HnrEyRal018jz2c+85nv+Z7v+fZv//ZSXeE3/abfdP/w+K5eGOu1SvEv/+W//Df+xt/w9x7hF37hFyxRSQwNQYYZGnK5jy2lP5HaxWzEopnE4HGzanHvDCnwRxIji76E04mUEK8xko2+6krFUFrvUnMm4sOq16CPl8YTP/kXYoH/7vsAjcHq+PQpIbETi1iuNMKAV42Ey/0yJP3EvcgFBsptf/hHTn2YGOIp40WerSINPKGSFBlSiol004rS6a9hFf6ILmIc1hs/9VAp8z3+AkUpHRlmaMjlPraU/kTswXBi0cyt+Pr+P81F4I8kMoi/Zu9/kQLSxRN3/cLjmfiOt9E7wzVzdjvxQEfOk53ijvnyL/9yPyb2v7HIkPgd9/8twr0wxBr7VfF3/s7feTzDfumX4n/rb/2tXiGVQhOK/M0nxu+VPyCD+AS9Q+n8Sw2kqIZEVe+MSNVsMDMRV9I1zhCuhi/JP7abKTJUiqsG6YY8GbTclQvxsOEjcJYCHuzHEtsDZam4j5ZTo5ZAR1Rhis+YIt2cDLfxgVLi6emQKdJQSbVYWtXewtPAkEF8gt6hdP6lBlJUQ6LqxEg2uL2PFaVxJV3jDOFq+GK7/x/PxHe8jf3d1H3IH52ycyRSSumA9yOjd8NnP/vZNYZv/MZv9G8YvTwm1v4//o//414V/9V/9V/93t/7e5uvGszfV3GNPDYTIpXcHxF/8mUIuBYxZItvLAITDWTDi6XBijOfC1F0DVXrZTOBZ35xJUpm4jxEBHgiZyOS4kkknQ7pK/l0sB1GnCR+tqeUTlk1vagUNE68rK+2GvK0gQgR1jhkMDAw6z0bpVNwos8ypXScATSG1gqUxZxESikdxiPZpEXpShOtK07XCObvcNbIYzPBBBcx8n7/Iym/zPv/8Ux8x9vwd1Od3Q6umBIoSqWVQDVSKeJ/nff1X//11xW4r8FXfuVX+q+k+uXBeXf8hv/tf/vfvDB+4Rd+oVT7SYYnxVh3oZItdYuk2CQPcjddXWHfKGLA7apeXQZuFDJz0UNny4mGRKA04AYGZHqkFB+By/3iDxPPUqAHioHmnwTiayk9OUjDI7+xNGI+xM0PRiVKVW/XwxbZ9oAz4FUjGeJsd/FRpbjEbFBJ4zYQkKpF1RSX3oUT9RaDdCQ9NKGYEihKpffiF1QjenFpiKToxcXAEJY+keFJKW3I+/1fKdADxUDzTwLxtZSeHKQh/ngmvuNt9M5wjru3gqO8j/T6E0eXIWSj86v6R4teG0rit3zLt/QWKd6Wx1XsV4UXxl/+y3+5NJwrBr2ilrv7QitOWUTOzQT6aQabnxI5P1FxBt8N4tP3zdhg0SeSIcJJxOuiaF9LiJ9bVSpOt4G4Uoh0RfKPQKnIFvBi7aYxQOnGWmXVyERgS+chhlPfZpSQpaHlzpkzjGyTw+YX643wEOM8T07xk04pJX72fqG9vX3/BwqymP+q3YgnhhE4Vww5Fznv7gvNn7KIvN5MOM1gh1Miec5tz+CcidvhXfnwQSz6RDJEOIl4XRTtawnxc6tKxek2EFcKkX949//jmfiOt+Hvppxdp1ZEOtAigueZGDg/85nP+M+iqiZm2D9v/Mbf+BuNKv6+3/f7vDD+s//sP2ML3/zN3/xTP/VTGreBgGQoqqa4rm5osVRXkI7ohdLuLeJKkXops4WUL6QTA93GQpuphKtWUtVSlE5/DRP4I7qIcVhv/NRDpcz3+AsUpXRkmKEhl/vYUvoTsQfDiUUzt6ITWLV4movAH0lkEM+XTQqREuI1RlxEyl35UCqG0nqXmjMRH1ZV2qK3dpEmFBE8z8TAGXCrZIiz3cVHlbJbpQiVNG4DAalaVE2pVywV9RaDdEQvlL7f/ydmaMjlPrb0eCa+423s76ac2n2qHy7JSaAjpiD+j9d+3dd9XZzha7/2a/uR8R3f8R3S2/tlf+tv/a1eGH/jb/yNFI37h41f/MVf9B/a7ha52m6b6KoTkeJQ6nZZNfQlscruGPonlcAcpgyU2/uR2ff2nFZ82i1npP2k+3bNDPjlvkmeM33aWLEJG2IPp8cG2Io7h+1EiSI920W9T/rGrlHpNSnamHSNNoNXUi1aaKVVt4ER1WxDohjMB3rbCGcXJyIqSRH8NQHDw0hIFxlerxjw4rYX2vNdvNKnnWQT0yciV8MLSjMwS8Ouu97pn1QCc5gyUG7vR2aX+JxWfNotZ6T9pLsWMwN+uW+S50yfNlZswobYw+mxAbbizmE7UaJIz/bHM/Edb6N3RifbeXVqO24nuNMEpyzO4/+61Fd+5VdKg7+Y6veHafk///nPez38+I//+D3py37hF36BAr02vumbvkk76B0sF860aDNBNSSqToxkg9v7uPmkcSVd4wzharhvPkQpGKKlKJ1fGvKf4rk38TXJ03KUawcv+1w1RRpw27M3huAryhAi2VLiYso94zGEopRopshQKa4apBvyZNByVy7Ew4aPwFkKeLAfS2wPlKWiE8t2iht1tkfYxOAzRj7ZMmgU5+mQz4GhkmqxtKpjD08DQwbxCXqH0vmXGkhRDYmqEyPZ4PY+VpTGlXSNM4Sr4Uvm/n88E9/xNp5+Z3R8HWiQOsqAF53vXfwN/8w/88/0IyPEtVT6zu/8zu/+7u/+zb/5N5ea5l8y+pGxOX52nPipn/qpje3SWqXe4vRPKmGXfMpAub0fmf0J5ZxWtFtp4Iy41dyCMwN+uW+S50yfNlZswobYw+mxAbbizmE7UaJIz3ZR75O+sWtUek2KNiZdo83glVSLFlpp1W1gRDXbkCgG84HeNsLZxYmIlU5/sZQfqYRAejERpEU8zCxlC3hxy4X2fBc/PUdMn4hcDS8ozcAsDbvueqd/UgnMYcpAub0fmZ3VOa34tFvOSPtJdy1mBvxy3yTPmT5trNiEDdn1ui2XYgNsxZ3DdqJEkZ7tot4nfWPXqPREHs/Ed7wN/54BO1kneJ77yVWLv+W3/JZeD9/6rd9KDOkp/c7AXXVviP3Td6XX74w//+f/vBYGl3aL7j4oxkPi6y2BGxfynF/sYEjY10bKHFlE2DYBCaq1Z8DpGxik24Bta/nJn/zJn/3Zn6UzGxJ4Nr9owl28qluuuJn45XgphZzxcO7wnEyR0ot4cSRPe15KgRmKcWK8UUGK78BTOJfe9cv8Wi9CpVKG2aYrUc6dKFFwUD2dobSSWHoOeRqInBHwrhfu/o+fq0iDy3ru7TSIFFsixkPiqokBD53zg92e3X5shoRdDilzZBFh2wQkqNaeAadvYJBuA7atZWlgNiQobX7RhLt4VbdccTPxy/FSCjnj4dzhOZkiTX88E9/xNnpnnNeguBvd9YiEiVMiX/VVX9WPjN4ZnOErvuIremGEzLW44X7xF3+xt8K/+W/+m5vQG8KrAv7O3/k73/RN35TeHPeHS7h7pViKw0b15P0LB/7Un/pTs62LUmxsRGxvzY8YNbLPAtPDQ/oYSs5HivsIpcRVr54v+7LeGX/uz/25iM3Qt/TZSyx1GoE/xKsGnBjwy/pCimzS80Gw7zykSG24CKqRxMjrCBlaaBduKL13eu1h1eIeH6UirP1uenzAcG4gfRu7ix+WSOcMDCE+MdvSoqro8sV5rs4vcP+LgROuHbzcvTvnIvELtdAjDmcT4kqlOJybKY4YezmOLkrRQuKv7v0/2Ax9S5+9xFKnEfhDvGrAiQG/rC+kyCb9Qvf/45n4jrfhd4YjC098X+nzwhRDB/01X/M1/ar4tm/7NmKe3/ybf3NKL5I4T8SLgWeX5y/9pb/kfw3eb44/+Af/4DXxBbW4qKF00bTbcnk+97nP9ZL4I3/kj6QTf+RHfuRP/sk/yT+nrsRit13RHlRhShFwZnzKVX5ZIrzWpTBbmJ54/s5I6fPSxZy2hOD0oovylMbrLYb8KeuK+L6pgvQcdZ45xDczUMDM4rYdh6qlPhHzPezqrcpMb8ITCTxIiPAnKpVSphfh/AjFDPyUc5pRxGIKPHHnU8uGiMG0ISUPEed5alwXMv+JWp4+iGjabXl8KEgnRkIKw0Tm4q+d+58NSXG34MVKtoTg9KKL8pTG6y2G/Cnrivw93v+PZ+I73sb5O2PYmb5Gumuj6yRBlwuPE8OT/7xFQgri8RFR2kWtq7iuPD/90z/9Mz/zM6X8Zha3kPQJ5rxGpWItwaLmFIkMdGkE4tL0Yp4pWsL0PM3v91DvDHM44xlMIMYDUtRerP0qv8CJzbnq1XyLGXwi4rkrhhAfyeDhQkRAe+I2mfhEvlDJzE22jXglLar8KWHLBYpSaSVQjVgFl4ZIil5cDAzBwEdyQ3q7npG+mZSRoGurTwxPfp7TiewElFy4UFdxXeZI+c2kF5c+wZzXqFSsJVjUHKsEBro0AnFpejHPFC1hep7zFkX0ZjCBGA9IUXtx7eDE5jyHEzP4RMRzVwwhXnw8E9/xNrwzHCV0fGJIR4YZOuLL/XKBQ/oTcUl2neJFM7dil5OiWjzNReCPJDL8uT/35/rTujtmuhIlZPj5n//5fo4U+0WSsmrk3/g3/g0lnn6mpPceCuaEyB/4A3+gqv/vs6F1e139xE/8RGLwt2rZ/vAf/sOU0CshxSrQTh61+7eRd8a9kQsP030sTiNMnxISfQH2SSMM+L4zl/tlSPqJe5ELDJTb/vCPnPowMcRTxos8W0UaeEIlKYJzFuOUJ1sXev6zUVz7RIjX+FrplBoSD5Eai0BRsp8TMzTqcr/sJKQ/ke0qG7Fo5lb8B77/xbfv/3iNkR3CqisVQ2m9S82ZiA+rXoM+XhpPFCkgXTxx1y9YHZ8+JST+w7v/H8/Ed7yN3hm+jU6teJ/qhU6z1D19XYTjMlRlpu/GHQk8SIjwJyqVUqYX4bzwxQz8FNN67Pb8/cxnPpNCfDL0cPdcTumJn/mP/tE/yhP+/X//30/x3/i2XM/xz33uczWm985IrMvH8WrhTGlsyFYaGlh7LXlKr6182ZfFe0lEeKyl1BK9ckobwl+0kOp2GPAi27joYwJDOlHkpCNsVZFiqLSoOjPliRvOAynhNFftWE4FZ7MWMKQXH9IN6V18RrrVdZ0k6NoSE8OTn6fDL8WLcWD4NXv/S40iPhlOBUopxKJ0V8o0YsTHWUtwVuGR39Xa000oPhGQBu0IvWgh4rkcXmQbF00AhnTihm8CwlYVKYZK4uOZ+I634d8z7iO9Di50lI4VefrOFCupailKp7+GCfwRXcQ4rDd+6qFS5nv8BUqxx24/EXoi364HlPyp/7Y/xvZW8FgPfiX0GrAHw+uKe2fEt+Lv//2/v1V661RN96/uS4t+iDQtM9F87zOvnF5IcQMjKXuf2cP5rSsi214oNV9qzkR8WPUadFdTJkYSRQpIF0/c9QtWx6dPCYmeQZYrjTDg5wORWEw/cS9ygYFy2x/+kVMfJoZ4yniRZ6vQkbOK/Fq+/0M6MszQkMt9bCn9idiD4cSimVvRCaxaPM1F4I8kMojeB9OJlBCvMfJr4f5/PBPf8TZ6Zzi4rplDdHkiYeIUpBg44b6O14WsxUMhsUj8Qi30iDtmE+JKpTicmykGz2tvjtvy6Op10p/0pRbyb+Y//MM/3PzM/WH/tj9mbmOVjKIHL4Dz76YYgvPRgvsIvT9qaW+qvR70Dvu7qfiW1nuKpU4j3AteiFcNODHgl/WFFNmkuy64tSBFWsRBNZIYeR0hQwvtwg2l906vPaxabHWlUhHWfjc9PmA4N5C+jd3FD0ukcwaGEJ+Y7UzDPC5fnIc+8XSKgROuHbzcvf8o73/E2MtxdFGKFhLbW/MjRo2YMEwPD+ljKDkfKe4jlBJXvXoO2Ax9S5+9xFKnEfhDvGrAiQG/rC+kyCb9/7z/H8/Ed7wN7wyXNjjBpbt9Uzp9POK4xRkiXYnZtIRV6QEPzecBaXr+c1QYrxSIq/Z07rXxcz/3c9/8zd9M75Ed/EPFiR/90R9tVMQ/b4TSBhpV9AKIUIIfCr0zcpb2rH8y9Ba5Z19oxS3arvh7Q8yPpPi7KUjZh4KUB3v5yAG/BzyqO5biDIGOqMKUjpou3ZwMt/GBUuLp2fdNGiqpFkur7so+DQwZxCfoHUrnX2ogRTUkqk6MZIPb+1hRGldaV/xqe1lr6RfL/R8y1LLLOlEadEXOsaG0EuXyHZhBato5865/9Omqhg0cZhjZpwgpZxp4oBLg94BHtbXw4gyBjqjClB2UlP/xTHzH2/B3Uzs1fKnvTHCy+MAZxtm6MFPO6ycilYoDfWJkKxaRwUA6Dj2Fg/k9ss9/9CbOf1Y3rRh+5md+plfCufr+Iise9s6I6/3zf/7P+298Sy2kWizNXzUSEovp+51BrBG0pIRryr29QFRlw4unOeB5IrpOm1EMl/vFr6o0MfhqKY2fvSC1KKy6mSFODJSTG3umT0pkyqpisJA4Z4iUpl8NL5c1Uuwhe1s+8seXfnHd/2B+YECIkdOvumm39kiL673li8BZYu6UbL70XL1I94cMvKgKxBphLeGacu8kEFXZ8OJpDnieiK7TZhTD5X7xqz6eie94G/u7qXCeIzyJiCsxHXYxwt364UoMqzLvGXTC8HCaEbw4T/C1x//oH/2jHu5N3pPdrhiCCb1aPOUhA0/Vuvx7xkrn3001rd79g0extWpJZD5hn1V/+qd/Oh4SbSCxHTKAaeBRRalUzFl6TjhbrtH3qHgxXkl1tuLV85Iii5SwUfg5AUfCbfnQOFCeDF2mM/WUiVvLRWyV85awMQZd26o0GCIdSTxfBhB3qvGzC6Tnx4QnEbGl6VD6NHZkWJX5/LCD4eE0I3hxnnDe/5zFTS61K2nYhHNIBh5Vc+7KozSYtoWKTtW0yImJ12I34paIFFOKYBqYuW0Uc5aeE86Wa/TLWsV4JdXZilfP8ekoIuXxTHzH2+id0RE708UvivugR3nx6nnp6qfDz//8z0v9V1V+HGwUPqfXQGIR4hpv7wM9341i8DaK7DnYtAw/9mM/Zri19hz8Y3/sj20nNvyZz3wmxWuGcq19Dw+GSEcS/76eg0tPg1OKR0qJxRkirTKblrAqPeCh+TwgTc9/jgrjlQJx1ZChlibEzy5p0BU5x4bSSpTLd2AGqWnnzIheHtGhbbkTEyMQ30DTimAamEmpVMxZek44W67RL2sV45VUZytePS8pskgJG4WfE3Ak3JYPjQPlydDFOtM+oOHWcru2igsKNsaga1uVBkOkI4kGSiHuVONn15meBh85HiklFmd4PBPf8TZ6ZzjB64Bf7unQITrN8MmrVXS9dzF2GW7vlRZnLrrJtpxoSARKA25gQKZHSnvmnn+6/9Ef/dEexP7Gib80VOL53Oc+1/ugUiittypzA2v0nzYVe5349/PgfRD2gqmxdwYOm7a/v4p4r4SqDfQ3UaG1Sq+tv/w1Gg/ioyG47REDZ8CrRjLE2e7io0rp2JEiVNK4DQSkalE1xaV34US9xSAd0Qul51NSKVIvZbaQ8oV0YqDbWNiHCqqVVLUUpdNfwwTOe5HHbgMD7hACMeDa69VllY1CZi46wC0nGhKB0oAbGJDpkVJ8BC73iz9MPEuBHigGmn8SiK+l9OQgDY/8xtKI+RA3PxiVKFW9XQ9bZNsDzoBXjWSIs93FR5WyW6UIlTRuAyHyeCa+4214ZzjHDi6yE5RC6YMdp5/IhqS4PHixkmuD4PTi+VVcGq+3GPKnrCuyPzVAD2IP9J/7uZ8r9lhP9M0MOT3KQ4/pomf6JvhJoVRMb+lW+ZEf+ZGr5xb/5J/8k/vfZ2QILfrTP/3TzOb4k1QvCaOgIXnSGxjqWrVS76QUE0RmOD9CMcOWizSNWIynEJ8MpwKlFGJRupM3jRjxudYSUvKER35Xa991KT4RkAbtCL1oIeK5HF5kGxdNAIZ04oZvAsJWFSkGVQqbkhRmC9Ov5o/ndBR0sdI2GcHpRcf+lMbrLYb8KeuK7JwH6TkqfleuEsQ3M1DAzOK2HYeqpT4R8z3s6q3KTHf5ThJ4kBDhT1QqpUwvwvkRihn4Kec0o4hPhlOBUgqxKN3JP56J73gb+7up6yDvo9wXmBKeOL8L06G7NovM4qlMLIKSmDPsKxEXEYhvlVK9SrpEiMM8YdPSpe5O+sTi0+SwRcVhpYGeuJYTUyIZzo9DUU0PkfNyXBOPmUi2KYEhPOlBqRivulFTQBqYjWIodWKr0uMTKdNNKCJKEWIcSkXYncCDFONNCOuN0+cMiSvBaShCCsRne7//i0+TwxYVh5UGeuJaTkyJZDg/DkU1PUT+Ud7/j2fiO96Gd8aOsggpEyOvI2TorHevD6XpIb5q0SudLsLa76YPF/vcQPo2dhc/LJHOGRhCfGK2Mw0ZbAz4R4omQ7ydX4u97I0o3otfKD1nBp93LSdS9OJnRCqdy1Hg1JdGKNIgLaYUM0yf5xp3YwqiJfjgGRJLI4snGKbX5dtObAKoBqUw8ZG/bBviu2cCRQwWHVLyEHGep8Z1IYtKcNcfYuR1hAwNf7//ofSL+v5/PBPf8TZ6Z3RwznTnKEUWKcERj88ZwZFwWz40DpQnQ7fXmXbzGW6tfdnSb9cFG2PQta1KgyHSkUQDpRDf1/vsOtPT4CPHI6XE4gwR37SzJaxKD3hoPg9I0/Ofo8J4pUBcNWSoxXGdXdKgK3KODaWVKJfvwAxS086Zd/2jT1c1bOAww8g+RUg508ADlQC/BzyqrYUXZwh0RBVS1qW0FFmkhHveY2+ROSM4Em7LRzsHypOhi3WmXTjDreV2bRUXFGyMQde2Kg2GSEcSDZRCvOGUs+tMT4OPHI+UEoszRM6bVktYlR7w0HwekKbnP0eF8UqBuGrIUIvjOrukQVdkox7PxHe8jf3dFODX6d53LaKELA2uyiM5DCO7GMPmF+uN8BBdUdfydIqfdEopcb04HeFUjeDF0plv+dEVGMByxXOO749qijlnGnQFpbCxT0sAkR4v7mtj1PQ8zBt+930YPj2+9NxzIj5whnE2Yylxo4jXksduB/rEyFYsIoOBdPyE+YEBIUZOv+qm3dojLa73li8Cmx82Nrzf/5RgueI559ff/f94Jr7jbex3xnmayM50J+6gYZcnkg7xSnR4rWQrmhDwE6fhavh4S8SU+ESx0vaAh0rj4e64zH3eoNe3lw54sRaKXsNXbQJF9fLdk0/bSDFsDyEeMtdy7oH4hVrokboQE+JKpTicmymOGHs5ji5K0UJie2t+xKgRE4bp4SF9DCXnI8V9hFLiqlfPAZuhb+mzl1jqNAJ/iFcNODHg6WuJI6oIUTvYZIikw3YyvFayFU0I+InTcDV8vCViSnyiWGl7wEOl8XB3XOY+b9D7fv9Hsj2eie94G70zXIZwHmJcGiIpnWnAxcAQlj6R4UkpbUhX2iopDS9266TEE3mQu+mxXB6EGHC7sskUAzcKmbnoNt1yoiERKA24gQGZHinFR+Byv/jDxLMU6IFioPkngfhaSk8O0vDIbyyNmA9x84NRiVLV2/WwRbY94Ax41UiGONtdfFQpLjEbVNK4DQSkalE1xaV34US9xSAd0Qule8SsFKl3NqVxaYik5JxZDAxh6RMZnpTShrzf/5UCPVAMNP8kEF9L6clBGh75jaUR8yFufng8E9/xNvzOcHa+VGGHmD5CLN72C7taLjPEK9HhtZKtaELAT5yGq+HjLRFT4hPFStsDHiqNh7vjMvd5g949gIqAF2uh6DV81SZQVC/fF/Mfta7aUY2I7a35EaNGTBimh4f0MZScjxT3EUqJq149B2yGvqXPXmKp0wj8IV414MQhfS1xJH2EqB1sMkTSYTsZXivZiiYE/MRpuBo+3hIxJT5RrLQ94KHSeLg7LnOfN+h9v/8jj2fiO95G74ydoLPrfDvKIE0HvHheD9dJqmUl18m0icjV8ILSDOdFDe65Ur3TP6kE5jBloNzej8xu0HNa8Wm3nJH2k17LqkXAL/dN8pzp08aKTdgQezg9NsBW3DlsJ0oU6dku6n3SN3aNSq9J8enbK9oMXkm1aKGVVt0GRlSzDYliMB/obSOcXZyIWOn0F0v5kUoIpBcTwZDFMLP0dl3Ai1sutOe7eKVaVsompk9EroYXlGZgloZdd73TP6kE5jBloNzej8zO6pxWfNotZ6T9pLsWMwN+uW+S50yfNlZswobset2WS7EBtuLOYTtRokjPdlHvk76xa1Q6yeOZ+I63sX/PcKxFJ4h0zXAlN0RwPdaVJ0XKbya9uPQJu65PqFSsJVjUHKsEBro0AnFpejHPFC1heh43Lo7ozWACMR6Qovbi2sGJzXkOJ2bwiYjnrhhCfCSDbywRAe2J22TiE/lCJTM32TbilbSo8qeELRcoSqWVQDViFVwaIil6cTEwhKVPZHhSShtyHpEtdcgp8UQe5G56LHdeiMjpQXYCSvzB2HXl8YlK+c2kF5c+Ydt7QqViLcGi5lglMNClEYhL04t5pmgJ0/M0n8GcoDeDCcR4QIrai2sHJzbnOZyYwScinrtiCPGRDOfFRUB74jaZ+ES+UMnMTbaNxzPxHW/j/PeM86DjwYmfnJkipRfx4kie7o+lFJihGCfGGxWkuNuOmXPpXb/Mr/UiVCplmG26EuXciRIFB9U5I8Sz+kkCmz8S0kWGZhobGAJe1HgXr/v+Ll7p006yiekTkavhBaUZmKWhsVbRO/2TSmAOUwbK7f3IfF7ToPq0W86IL7YbaWbAL/dN9jCSPm2s2IQNsQeLRgI9rDFCH2emSOnmiCN5bHu6xjBDMU6MNypI8fOsOJfe9cv8Wi9CpVKG2aYrUc6dKFFwUJ0zQjyrnySw+SMhXWRoprGBIeBFjXfxV/7+fzwT3/E2zr+b2rmDowxPetgliZ+HPgWkgdkohlJfhlXp8YmU6SYUEaUIMQ6lIrixIjxIMd6EsN44fc6QuBKchiKkhCm6Qkr60vBJDzyJiLHnhFCajt+tlxkZVmXuHOgnDA+nGcGL84TzocxZ3ORSu5KGTTiHZOBRNeeuPEqDaVuo6GqaFjkx8VrsRtwSkWJKEUwbUoozw/xPelDaElI6BaSB2SiG0vf7H0mBJxEx9pwQStPxu/UyI8OqzH8v9//jmfiOt9E74/0PMgEvaryLv/J/kLlM91ir6J3+SSUwhykD5fZ+ZD6vaVB92i1npP2k17JqEfDLfZPznRF52lixCRtiD6fHBtiKO4ftRIkiPdtFvU/6xq5R6TUp2pi0lvOsthNpJHxSL4IVGWabrkSxvUhQouCgOmeEeFY/SWDzR0K6yNBMYwNDwIsa7+KX3P3/eCa+4230zujsHHG4Dvg44hMdKzBQbvvDP3Lqw8QQTxkv8mwVaeAJlaQIzlmMU55s7s5IOBvFtU+EuG/LI39ROqWGxOFRu6vpzcnzkI5dhdt+8cRt4wnbxkZxWvG2fDSHPzA82exkSnji6yptVOSMzOKpTCyCkpgz7OjiIgLxrVKqV0mXCHGYJ2xaunQPiFMsPk0OW1SExPf7nwjxXUSg/Lq//x/PxHe8DX835QLsKO+DfVz1XZtwGoqQEqboCinpS8MnPfAkIsaeE0JpOn63XmZkWJX5vJUHw8NpRvDiPKEvzFmNFze51K6kYRPOIRl4VM25K4/SYNoWKrYW/ZNm4rXYjbglIsWUIpgGZm4bxZyl54Sz5Rr9slYxXkl1tuLVc3w6ikgJG4WfE3Ak3JYPjQPlyXA+/Yt9QMOt5SK2ynlLUJDtJNiMEpyGIqSEKedHSF8aPumBJxEx9pwQStPxu/UyI8OqzOeHHQwPpxnBi/OEL4X7//FMfMfb8G/gDs6ZBoceIung3OnwWslWNCHgJ07D1fDSEiamxCeKlbYHPFQaD3fHZe5WCHo9ROiAF2uh6DV81SZQVC/f8Qe3KfOH7SHEQ+Zazj0Qv1ALPVIXYkJcqRSHczPFEWMvx9FFKVpIbG/Njxg1YsIwPTykj6HkfKS4j1BKXPXqOWAz9C199hJLnUbgD/GqAScG/LK+kCKb1HVJiU8PNhki19wb28nwWslWNCHgJ07D1fDSEiamxCeKlbYHPFQaD3fHZe6Igt73+z+ii1K0kHje/49n4jvexn5nuDChswsOd0ecIg24g97p302P/ztiDCGSLSUuptwzHkMoSolm7hImVoqrBumGPBm03JUL8bDhI3CWAh7sxxLbA2Wp6MSyneJGne0RNhFmJjKHNeKqTxFwxxWPWGjtQRrsdpsJp0Gk2BIxHhJXTQx46Io/2O2xSmAzJHhqmByYI4vIHi4mIEG19gw4fQODdBuwbS1LA7MhgXg2Xlt5WUKsmiINeP54JfFuer//H6dBnz/CJsLMROawRlz1KQLuuOIRC609SIPdbjPhNIiPZ+I73sbeGTvN0kjpfaSPa3md8cspBzxPZCdOD0YxXO4Xv6rSxOCqK42fvSC1KKy6mSFODJSTG3umT0pkyqpisJA4Z4iUpl8NL1+DSNEzC3hCJOx2L852Vz4gJb9IaSxFtVhqUbE0bCBR1TeHiKSPEOcPzVGNpEO8Eh1eK9mKJgT8xGm4Gj7eEjElPlGstD3godJ4uDsuc593h9yBbAjgRV1mlhoVwYu3/SoBniei67QZxXC5X/yqShODHSqNn70gtSisupkhTgyUkxt7pk9KZMqqYrCQOGeIlKZfDS9XLVL8Irr/H8/Ed7yN3hn3eV5wcJ1mJx4REx16EWGrihRDpUXVmSlP3HAeSAmnuaoLPwVnsxYwpBcf0g3pXXxGutV1nSTo2hITw5Of53Qi+z4o7Q6uq7guc6T8ZtKLS59gzmtUKtYSLGqOVQIDXRqBuDS9mGeKljA9T/MZzAl6M5hAjAekqL24dnBic57DiRl8IuK5K4YQH8lQSyUiAtoTt8mQXnwqMdMRtqpIMVRaVJ2Z8sQN54GUcJqr7vNScDZrAUN68SHdkN7FZ6RbXddJgq4tMTE8+XlOJ/LFeP8/nonveBv+PWMX2NmlFFN2oEql16nfUI1UGpeGSIpeXAwMYekTGZ6U0oacTwFb6s5IiSfyIHfTY7ndssSA25VNphi4UcjMxeboUhINiUBpwA0MyPRIKT4Cl/vFHyaepUAPFAPNPwnE11J6cpCGR35jacR8iJsfjEqUqt6uhy2y7QFnwKtGMsTZ7uKjSnGJ2aCSxm0gIFX//+3dPdNta1Xt/Q9x6gnU8qCWIGUhQgEiCIIIkS9VBvI1MLJKjXwLn1StwkQTPoElKakaGmpkrFVmZpz/GL95t33tuTb3ox6P8njuFvRqvfXW+3XNa4w5xpprbbSomuLSu3Ci3mLgf7v/dRm4UcjMRQe45URDIlAacAMDMj1Sio/A5X7xh4lnKdADxUDzTwLxtZSeHKSPZ+IbXoe/m+rUnu6qXd2d70kyRDiJ+G4F7WsJ8V1IqTjdBuJKIeLLPAKlIlvAi7WbxgClG2uVVSMTgS2dhxhOfZtRQpaGljtnzjCyTQ6bX6w3wkOM8zw5xQ90SilxvTgd4VSN4MXSmW/50RUYwHLFc07ns2qKOWcadAWlsLFPSwCRHi+eT8+RYh7mDb/73hs+PR6QXS/i2fsuyRDhJOJ1UbSvJcSJDErF6TYQVwqRt/ufGOd5coof6JRS4npxOsKp+ngmvuF19M5wXjs4fBHiME9weUK6dBf7FItPk8MWFYeVBnriWk5MiWRoudkoqukh4naPqM5MKWabEhjCkx6UivGqGzUFpIHZKIZSJ7YqPT6RMt2EIqIUIcahVIQ+tZQHKcabENYbp88ZEleC01CElDBFV0hJXxo+0ANPImLsOSGUpuN362VGhlWZzyfvsD0j+CJcU27ME5qJpEvf7n86BaSB2SiG0u+r+//xTHzD6/DvGY5s5xjZKQ/SrnFk/K5cJYh3AYiBAmYWM6S7TlC1tGnrvYddvVWZ6fvOjwQeJET4E5VKKdOLcH6EYgZ+yjnNKOKT4VSglEIsSp1exDRixMdZS3BW4ZHf1drTTSg+EZAG7Qi9aCHiuRxeZBsXTQCGdOKGbwLCVhUphkqLqjNTnrjhPJASTnPVnSoFZ7MWMKQXH9INYmSlyM55kFpr/K68Ny1+7pYCZhZtqRiHqj7Feu9hV29VZrrLd5LAg4QIf6JSKWV6Ec6PUMzATzmnGUV8MpwKlFKIRemulGnEiI+zluCswiO/q7Wnm1B8IiAN2hF60ULEczn88Ux8w+vY7wyntksSno47Q4Rtxz2zyxPWMs5MkdKLeHEkjy/PdI1hhmKcGG9UkOK+CcycS+/6ZX5XL0KlUobZpitRzp0oUXBQnTNCPKsfSGDzR0K6yNBMYwNDwIsa7+Lj+kqfdpJNTJ+IXA0vKM3ALA2+4aV6p3+gEpjDlIFye99nPq9pUH3aLWek/aS7kWYG/HLfJE9d8ZzFt/s/VCplmG26EuXciRIFB9U5I8Sz+oEENn8kpIsMzTQ2MAS8qPEu/n/c/49n4htex94ZYad5nmOgB4qzLlJGIL6W0pODNDzyG0sju/whbn4wKlGqersetsi2B5wBrxrJEGe7i48qxTeWDSpp3AYCUrWomlKvWCrqLQbpiF4odTdbTilSL2W2kPK9dGKg21jYhwqqlVS1FKXT34UJ/BFdxDisN37qoVLme/wFilI6MszQkMt9bCn9idiD4cSimVvRCaxanDlSDKUUMdytj00GypajjEB8LaUnB2l45DeWRsyHuPnBqESp6u162CLbHnAGvGokQ5ztLj6qlN0qRaikcRsISNWiakq9YqmotxikI3qh9Pvh/n88E9/wOvwbuHN0lEtHEt0NUojvD2Vn15meBtcm7vIQizNEXNqzJaxKD3hoPg9I0/Ofo8J4pUBcNWSopQnxs0sadEXOsaG0EuXyHZhBato5866/79NVDRs4zDCyTxFSzjTwQCXA7wGPamvhxRkCHVGFKTso6eZkuI0PlBJPT+dMkYZKqsXSqruyTwNDBvEJeofS+ZcaSFEdiFtuBuLb/a8rco4NpZUol+/ADFLTzpl3/X2frmrYwGGGkX2KkHKmgQcqAX4PeFRbCy9WejwT3/A6vDM6tftUH+d+3jrvflsgJb9IOS+2WJqoJA0bSFT17SIi6SPE+UNzVCPpEK9Eh3eVbEUTAn7iNFwN798SMSU+Uay0PeCh0ni4Oy5zn3eH3IFsCODFWih6DV+1CRTVy3dPPm0jxbA9hHjIXMu5B+L3aqFH6kJMiCuV4nBupjhi7OU4uihFC4l7lhk1YsIwPTyk90PJ+UhPHgm35e3+fxiuhvdviZgSnyhW2h7wUGk83B2Xuc+7Q/7+uf8fz8Q3vI7z38Cd4NMph/RSsZQ5rBFXfYqA7y7ZdV17kIaqpdtMOA0ixZaI8ZC4amLAw76rIY9VApshwd1jcmCOLCK70U1AgmrtGXD6BgbpNmDbWpYGZkOC0uYXTbiLV3XLFTcTvxwvpZAzHs4dnpMpUnoRL47kac9LKTBDMU6MNypI8R14CufSu36Z39WLUKmUYbbpSpRzJ0qUCH0pw228kM5MPIc8DUTOCHjXC4+c64I0uKzbTDgNIsWWiPGQuGpiwIO7C/Ls9mMzJOxySJkjiwjbJiBBtfYMOH0Dg3QbsG0tSwOzIUFp84sm3MWruuWKm4lfjpdSyBkP5w7jj2fiG17HfmeA4wudYEDoxS4SnrgrEXZt2MZFE4Ahnbjhm4CwVUWKodKi6syUJ244D6SE01zVnToFZ7MWMKQXH9IN6V18RrrVdZ0k6NoSE8OTn+d0IrscSj5IqKu4LnOk/GbSi0ufYM67qFSsJVjUHKsEBro0AnFpejHPFC1hep7mM5gT9GYwgRgPSFF7ce3gxOZUZYY4NDkg9OLb/Z9efEg3pHfxGelW13WSoGtLTAxPfp7TifyH3/+PZ+IbXoffGYMDhQ4U8EqrnhdghkBHVGHKeZkjm5PhNj5QSjw93RMUaaikWiyt2nzi08CQQXyC3qF0/qUGUlRDourESDa4vY8VpXElXeMM4Wp4OaKgFAzRUpTOLw35T/Hcm/guydNylGsHL/tcNUUacNuzN4bQpZk5RFyIuJhyz3gMoSglmikyVIqrBumGPBm03JUL8bDhI3CWgjnD6Wws4JXOLrw4Q6AjqjDFZ0yRbk6G2/hAKfH0vN3/eYrS+aUh/ymeexPfJXlajlLv45n4htexd0antnMUS12DIrLLQIxDqQguQ4QHKcabENYbp88ZEleC01CElDBFV0hJXxo+0ANPImLsOSGUpuN362VGhlWZd/efMDycZgQvzhPOPwZyFje51K6kYRPOIRl4VM25K4/SYNoWKrqapkVOTLwWuxG3RKSYUgTTwMxto5iz9JxwtlyjX9Yqxiupzla8eo5PRxEpYaPw6Yg5Yinn3XGRTSbGoVSEt/uf+f939//jmfiG1+Gd0SE6zS7GLlKK6wEMIT6SoZZKRAS0J+7iJT6R71Uyc5NtI15Jiyp/SthygaJUWglUI1bBpSGSohcXA0NY+kSGJ6W0IecR2dLTH8xVw930WM6FCMSA25VNphi4UcjMxeboUhINiUBpwA0MyPRIKT4Cl/vFHyaepUAPFAPNPwnE11J6cpCGR35jacR8iJsfjEqUrhrpSr3d/wEXA0NY+kSGJ6W0IecR2dL35/3/eCa+4XWcfzfV2e1YSzvEyBkrsa2KTyyCkpgzdN/E88RFBOJbpVSvki4R4jBP2LR06e6VUyw+TQ5bVBxWGuiJazkxJZLh/DgU1fQQ2ddedWZKMduUwBCe9KBUjFfdqCkgDcxGMZQ6sVXp8YmU6SYUEaUIMQ6lIuxO4EGK8SaE9cbpc4bEleA0FCElTNEVUtKXhmvEjXglsTQP5yKzeCoTi6Ak5gxv939cNT1Evt/u/8cz8Q2vwzuj8+rUnLIDfeI7X2lICae5qj8aTMHZXBtgSC8+pBvSu/iMdKvrOknQtSUmhic/z+lEdvsq+SChruK6zJHym0kvLn2COe+iUrGWYFFzrBIY6NIIxKXpxTxTtITpeTxEcERvBhOI8YAUtRfXDk5sznM4MYNPRDx3xRDiIxlqqUREQHviNpn4RL5XycxNto14pbVEKJUC8eScPJASTnPVfV4KzmZ1YEgvPqQb0rv4jPR394wEXVtiYnjy85xOxNWMKPkgoa7iusyR8ptJLy59gjnvolKxlmBRc6wSGOjSCMSl6cU8U7SE6XnOWxTRm8GExzPxDa+jd8Z9to8bQqTcp/reBYhXDbsMwwwjee7KhZQzDTxQCfB7wKPaWnhxhkBHVGHK+QWIbE6G2/hAKfH0dGNRpKGSarG0qgdQeBoYMohP0DuUzr/UQIpqSFSdGMkGt/exojSupGucIVwNL0cUlIIhWorS+aUh/ymeexPfJXlajnLt4GWfq6ZIA2579sYQujQzh4gLERdT7hmPIRSlRDNFhkrx2/jgpxIJGxWvGiiqMMNInrtyIeVMAw9UAvwe8Ki2Fl6cIdARVZjiM6ZINyfDbXyglHh6/m++/x/PxDe8Du8MZxdwL+TOt5QSd7hiJ64qpihRpGe7qPdJ39g1Kr1LijYmXaPN4JVUixZaadVtYEQ125AoBvOB3jbC2cWJiJVOf7GUH6mEQHoxEaQZIqVrITbwdl1pMSVE2qr0qr3sBPApI5nxRvlQUvpTejUco1RhzqWhrnA3PfSQLuVRDauOjG/ICaUhJf9KiA1IF7MRKRO1x3e9Vo1XZSu+3f/h7OJExEqnv1jKj1RCIL2YCNIMkdK1EBt4ux5XPCVE/jfv/8cz8Q2vY78zguPbiXdhugYpxM4UVINSmPjIXy4PxF1j7RQxWHRIyXNeSJ6nxnUh85+oxc2qtGjabbk8d/1COjESUhgmMhc7luI8w5Qi4Mz4lKv8skR4V5fCbGF6IhuS0ueli5VsCcHpxX3xzjRebzHkT1lXxHdSFaTnqPPMIb6ZgQJmFrftOFQt9YmY72FXb1Vm+u7SkcCDhAh/olLpFGBTDS29gYn8QTUohYmP/P2fMe58tFPEYNEhJQ8R53lqXBcy/4lazmuxaNptuTx3/UI6MRJSGCYyFzuW4jzDlCLgzPiUq/yyRHhXl8JsYXoiG5LibsGLlWwJwelFF+VMH8/EN7wO/57h4DrTXYlICqQT72P/v/Fmwusthvwp64r0wXkG6TkqfleuEsQ3M1DAzOK2HYeqpT4R8z3s6q3KTN8jbyTwICHCn6hUSplehPMjFDPwU85pRhGfDKcCpRRiUbqTN40Y8XHWEpxVeOR3tfZ0E4pPBCYWa6/rrr93hiGdeK9wLcEwkbnYcsV5hilFwJnxKVf5ZYnwri6F2cL0RDYkxd2CFyvZEoLTi479KY3XWwz5U9YV2TkP0nNU/K5cJYhvZqCAmcVtOw5VS30i5nvY1VuVmd6EJxJ4kBDhT3w8E9/wOvbO6Pg6O9fpPFlVPIPzDQxPNtdmSnji6yptVOSMzOKpTCyCkpgztHQ8T1xEIL5VSvUq6RIhDvOETUuX+g7QJxafJoctKg4rDfTEtZyYEslwfhyKanqInJfjmnjMRLJNCQzhSQ9KxXjVjZoC0sBsFEOpE1uVHp9ImW5CEVGKEONQKsLuBB6kGG9CWG/8arhLiaVv93+Iwzxh09Kl//3u/8cz8Q2vY/+e8XSmDt2ZTox0o0R8tSirhrghuxjS4jlqxCpx5ESiVVZyB1jXNsCoYsiTP1g3nV81UJDF/FftRjwxjMC5Ysi5yHl3X9ie44vIu5sJpxnscEokz7ntGc6n8HZ4V977IBZ9IhkinES8Lor2tYT4uVWl4nQbiCuFyK4aAqUiW8CLtZvGAKUba5VVIxOBLZ2HGE59m1GKXLNepgV7KN6u92wWqv2cdhcvxA3RmCItnqNGrBJHTiRaZaWdZPz8vEYVQ578wbrp/KqBgizmv2o34olhBM4VQ85Fzrv7wvYcX0Te3Uw4zWCHUyJ5zm3P0K6KxO3wrrz3QSz6RDJEOImRxzPxDa+jd4br4dTElOss7zQe3tWlMFuYnsiGpHRR6WKlXfsITi+ed8DSeL3FkD9lXZG+MDyD9BwVvytXCeKbGShgZnHbjkPVUp+I+R529VZlpvuqnyTwICHCn6hUSplehPMjFDPwU85pRhGfDKcCpRRiUbqTN40Y8XHWEpxVeOR3tfZ0E4pPBKRBO0IvWoh4LocX2cZFE4Ahnbjhm5DCM2dRGg/v6lKYLUxPZENS3C14sdI2GcHpRcf+lMbrLYb8KeuK7JwH6TkqfleuEsQ3M1DAzOK2HYeqpT4R8z3s6q3KTHf5ThJ4kBDhT1QqpUwvwvkRihn4Kec0o4hPhlOB0scz8Q2vwzvDkXWOrkfpTtzJTqRM3wVAlCLEOJSKsJubBynGmxDWG6fPGRJXgtNQhJQwRVdISV8aPtADTyJi7DkhlKbjd+tlRoZVmc9v0WB4OM0IXpwneCLgnMVNLrUradiEc0gGHlVz7sqjNJi2hYqupmmRExOvxW7ELREpphTBNDBz2yjmLD0nnC3X6Je1ivFKqrMVr57j01FWrevt/kdS4ElEjD0nhNJ0/G69zMiwKvP32/3/eCa+4XX4uynoNJ1v2FEiw6rM329XPaJqzl15lAbTtlDRd9i0yImJ12I34paIFFOKYBqYuW0Uc5aeE86Wa/TLWsV4JdXZilfP8ekoIiVsFH5OwJFwW95rHChPBs/TpX1Aw63lIrbKeUvYGIOubVUaDJGOJBoohbhTjZ9dZ3oafOR4pJRYnCGyVQIbnmHOE6synx92sEo4zQhenCe83f+qgbMYr6Q6W/HqOT4dRaSEjcLPCTgSbst7jY9n4hteh3eGAy067m5iyg50Ry8CfySRQXy63YmUEK8x4q6i3JX3SsVQWu9Scybiw6rXoPcvjSeKFJAunrjrF6yOT58SEn3tLVcaYcCrRsLlfhmSfuJe5AID5bY//COnPkwM8ZTxIs9WkQaeUEmK4JzFOOXJ1hWc/2wU1z4R4rv0QOmUGhKHR+2upjdn91XYrsJtv3jitvGEbWOjOK1omvbwdv+Hu37B6vj0KSHxv8f9/3gmvuF19M7osHxJOjgnGEfug32crNsiEAPuGuwaO/2NQmYuuoG2nGhIBEoDbmBApkdK8RG43C/+MPEsBXqgGGj+SSC+ltKTgzQ88htLI+ZD3PxgVKJU9XY9bJFtDzgDXjWSIc52Fx9VikvMBpU0bgMBqVpUTXHpXThRbzFIR/RCqSej5ZQi9VJmCynfSycGuo2FfaigWklVS1E6/QNhToZ7kcdugyruEAIx4DZQry6rbBQyc9EBbjnRkAiUBtzAgEyPlOIjcLlf/GHiWQr0QDHQ/JNAfC2lJwdpeOQ3lkbMh7j5wahEqertetgi2x5wBrxqJEOc7S4+qpTdKkWopHEbeDwT3/A6zr+bAoe4cyz2tXfETnx6HmYiJeAz40s9REJpIj5whnE2YynxxL/+67/+x3/8x8R7zffddkCfGNmKRWT41V/91e9+97t/+qd/mm6fJ8wPaywSI6dflYIvPVe/5YvAWWLulGy+9Fy9SO87EMGLqkCsEdYSrin3TgJRlQ0vnuaA54noOm1GMVzuF7+q0sTQR1tp/OwFqUVh1c0McWKgnNzYM31SRoaUZlpC9fvz/i8lXkseux3oEyNbsYgMBtLxE+YHBoQYOf2qm3Zrj7S43lu+CJwl5v+S+//xTHzD6/A7w9mJ/hwk7SjF8xJWUi0mikqr0k+imm1IFIP5QG8b4eziRIq9M/7pn/7p9BdL+ZFKCKQXryk3pBkiv/zLv+ydkU5sIJuWlBDxncdDvUjAp4xkxhvlQ0npT+nVcIxShTmXhrrC3fTQQ7qURzWsOjK+ISeUhpT8KyE2IF3MRqTokobxSDZpUbrSRJsUp2sE87s0T408NhNMcAUjLnEkIEU3knTrfh/e/8VKp79Yyo9UQiC9mAjSDJHStRAbeLseZ5sSIv+N7//HM/ENr8PvjI5sZ+oahPskH1dIGlfqoE/OEK6G+zuJ7HoYoqUonV8a8p+iVXDxJH/zN3/T74w8buJw7eBln5uQIg247X3729/ulcMQfumXfql3xje/+c0MISWbDYgp5xCKUqKZIkOluGqQbsiTQctduRAPGz4CZyngwX4ssT1QlopOLNspbtTZHmETYWYic1gjrvoUAXdc8YiF1h6kwW63mXAaRIotEeMhcdXEgIc9E8P0SH647Y+tSuNKm4wzhKvhP+v+n8f5hGsHL/tcNUUacNuzN4bgUc4QItlS4mLKPeMxhKKUaKbIUCmuGqQb8mTQclcuxMOGj8BZCniwH0tsD5SlohPLdoqlj2fiG16H3xmdGsSlT2R4UkpdA0ef0uUpPt2CquFu+n9+8Ad/8KMf/einPvWpz372s1/4whe++MUvfuITn0hncP3q1WXgRiEpfmfEW0uXkmhIBEoDbqBXjsbE83dGOHtDadAYJp6lQA+UJkfMPwnE11J6cpCGR35jacR8iJsfjEqUqt6uhy2y7QFnwKtGMsTZ7uKjStkfGItQSeM2EJCqRdUUz2sXTtRbDNIRvVDqC285pUi9lNlCyvfSieHUw9InMjwppY36t97/uEMIxIBnLm7nBm4UMnPRAW450ZAIlAbcwIBMj5TiI3C5X/xh4lkK9EAx0PyTQHwtpScHaXjkN5ZGzIe4+cGoRKnq7XrYItsecD6eiW94HX5n+ANCxAmGJ+4yFEs7aye+yCyeysRi+NCHPvTJT37y53/+57/yla/84i/+4tdeEP/MZz7jEhYRiG+V0oYgYe8MabgXuTBP2LR0qe9Y74y1J/7Kr/zK/j2DGLaoOKw00BPXcmJKJMP5cSiq6SFyXo5r4jETyTYlMIQnPSgV41U3agpIA7NRDKV7rJ+j4hMp000oIkoRYhxKRfAyiPAgxXgTwnrj9DlD4kpwGoqQEqbo+s+5/4OSmDPsU8dFBOJbpVSvki4R4jBP2LR06d4xp1h8mhy2qDisNNAT13JiSiTD+XEoqukh8l91/z+eiW94Hd4ZTq0YP9PgSgSl4HzDLsYJIt3l6Q74yZ/8yZ/7uZ/76le/6g0R6c3xsz/7s70qeotU7XWSc43BuuNLfcfCHvo96+Hv//7vOUN6MeVRO6r+GurEb/3Wb/md8c1vfvMv//IviSGe/17tsZ9WfNS++91eWkp1lTKzWVc1nB8qIMTIebaqFHxpcb23fBE4S8ydUvOl5+pFeg+OCF5UBWKNsJZwTbl3EoiqbHjxNAc8T0TXaTOK4XK/+FWVJgYPFKXxsxekFoVVNzNs6ciGLA35EaWw9qdRQKTHi21Su1HT8zBv+N333vDp8aW7/0sT8YEzjLMZS4kbRbyWPHY70CdGtmIRGQyk4yfMDwwIMXL6VTft1h5pcb23fBE4S8z/vvv/8Ux8w+vYv2eEHev550rXo3hehkqqRSe+0qr0Xga9LXpPhF4YX/jCFz7xiU/80A/9UGbtYjAf6G0jmHnbH06kd8b96P4u/2//9m/He3CX8pf27K5E8bhPjyf6z66kGfzOSPn2t79dNbEXiYFSLxXvCd9b/khDvGlwr5D80mJoCbxRPpSU/pReDS+9q8KcS0Nd4W566CFdyqMaVh0Z35ATSkNK/pUQG5AuZiNSdEnDeCSbtChdaaJNitM1gvldmqdGHpsJJriCka4FEpBi4tKt+++7/0+imm1IFMO/9f4XK53+Yik/UgmB9GIiSDNEStdCbODtepxtSog4PTzoBXzKSGa8UT6UlP6UXg3HKFWYc2moK9xNDz2kS3lUw6oj449n4htex/nOcM91gimuwdK7/rioT3oRKpUyiP2M6FXxla98pR8Wn//85//n//yf/PUyhJRAwUF1zghx1R7fT49mf1vF4JWQuIVC/v0aYDY2eCX4LZKzWKM3QbwvSSXV7cRrpjcEc9OaGY9Y5V7zAY0+ozR4TJRWul3vfbp3lbDPMmWg3N73mc9rGlQrUW7745JF2k+6r/TMgF/um3iaLH3aWLEJG2IPp8cG2Io7h+1EiSI920W9T/rGrlHpXVK0sennWW0n0rt+Od/Vi2BFhtmmK1FsLxKUzg2D6pwR4ln9QAKbPxLSRYZmGhsYAl7UeBcfr1jp006yiekTkavhBaUZmKXh++3+fzwT3/A6emc4smKnFsGLpTvZW34ccWCAPCnFc84P//AP95PCb4veFj/6oz86c4Zi0BWUwsY+LQFEenwPfWmkJ3VKaR4P7g3XeD73vVTi0v3dVObSxIifGl5Lkad/7cjmPUHxQ8c/rbdWokVViwN9olHSIjJUKtLxE+YHBoQYOf2qm3Zrj7S43lu+CJwlZt9z6bl6kd63NIIXVYFYI6wlXFPunQSiKhtePM0BzxPRddqMYrjcL35VpYBoP5VSjdOvthvrDVbfWubsIUvfBpYGXUEpbOzTEkCkx4utot2o6XmYN/zue2/49PjSc8+J+MAZxtmMpcSNIl5LHrsd6BMjW7GIDAbS8RPmBwaEGDn9qpt2a4+0SHk8E9/wOrwzQqcWIp1gsROccp3ujel5vMBxRG+Gj3zkI1/+8pf7bdEvjI9//OMMovZi7R/+8Id/6qd+qt8ioW3MUzyHE7uhE7d6a3nopzCE/SxIjHz729+utJZILb0ztO+/m+I/fzSEDEWvgUqqvTN8S/ddbVoz41r8ddmv/uqvllZNCZa7ht6eoFRaCVQjlcalIZKiFxcDQ1j6RIYnpbQh50PHljrklHgiD3I3PZZzIQIx4HZlkykGbhQyc9FV3nKiIREoDbiBAZkeKcVH4HK/+MPEswRLm1Y8DXfThel5zlsU0ZvBBGI8IEXtxbVDF6I45zmc+O79HweGEB/JcF5cBLQnbpOJT+R7lczcZNuIV9Kiyp8StlygKJVWAtWIVXBpiKToxcXAEJY+keFJKW3IeUQNfzwT3/A69ndTDrEoHSYGl2q8yONaqvYm8J9F/fzP//yHPvShSok5kfDRj360Xx559u/hxU9/+tOnrWs5/4jlLB3Zv4HfxQveGRS/M+KN6svWkPj9M+PxL+H7QdC0PHsrlG6mf5molKhKH1qlOZFa/CjZEla8XVcVb04gMjzZ9n2jhCe+rtJGRc7ILJ7KxCIoiTlDS8fzxEUE4lulVK+SLhHiME/YtHSpJyN9YvFpctii4rDSQE9cy4kpkQw+zvTSu3ilw8SwreJFHqNUgSdsGwjOWYxTnmz/mvtfJEJ8FxEou//hUbur6c1x18F2FW77xRO3jSdsGxvFacXb8r45/IHhyWYnU8ITX1dpoyJnZBZPZWIRlMScoaUfz8Q3vI69M3Z8RbiP+nHLPqQb0rv4jB//8R/3GvjiF7/oH7q1w8c+9rEvfelLXhWh10a2z372s/3O+Imf+AkeftvYZlKQ3VKV9jsj2Hw/LHpqV8pTdW8UMb3qfkn43/ThwTujrmvcC7wAIhnwhvjjXitq+Z3f+R0rtpna0xN7XUXgHn99rmxF0yjXGjemm89gbNCbwQRiPCBF7cW1gxOb8xxOzOATEc9dMYT4SIZaKhER0J64TSY+ke9VMnOTbSNeSYsqf0rYcoGiVFoJVCNWwaUhkqKkfaVw2x+rP6Qb0rv4jHQzdZ0k6NoSE8OTn+d0IjsBJRcu1FVclzlSfjPpxaVPMOddVCrWEixqjlUCA10agbg0vZhnipYwPc95iyJ6M5hAjAekqL24dnBic57DiRl8ovjjmfiG19E7o7PbiSNdGIjTibiSrvFKP/ADP9A7oBdGL4Yf/uEfvjpfrtaP/MiPfOELX/CT4stf/vLnPve53i7p9d6uxxIh/ymeexNH9lbI04WP+J2hff+mbWDVzAHP34+GDH5DJO4/wPVPGsG0XgnxPH5G+FVhSKn5cX8rVanJGttAJVstBqntBWORopl35UI8GF46Amcp4KEhcUsYWEpZKjqxbKe4UWd7hE2EmYnMYY246lMEvG3gEQutPUiD3W4z4TSIFFsixkPiqokBDx4WPNMj+eG2P7YqjSttMs4QroaXzxWUgiFaitL5pSH/KZ57E98leZxPuHbwss9VU6QBtz17Ywidxswhki0lLqbcMx5DKEqJZooMleKqQbohTwYtd+VCPGz4CJylgAf7scT2QFkqOrFsp/h4Jr7hdfid0XntZesc8fOggSG9+JBulPpfYPRK2H9KC/286FWh1E+KqtpB75aYGGZDdmlV/eVSxG0a8TvDBwl1ZUiB/Cna+XviK/U+2N9NTQyJVr/nXXgUbvi7rwZat5eNfRZ7OaVYJVhXCeLS9GKeKVrC9Dx9KAZzgt4MJhDjASlqL64dnNic53Biht0PKeeuGEJ8JEMtlYgIaE/cJhOfyPcqmbnJthGvpEWVPyVsuUBRKq0EqhGrmLnPS8G1cwKDgQ/phvQuPiPdorpOEnRtiYnhyc9zOpGdgJIPEuoqrsscKb+Z9OLSJ5jzLioVawkWNccqgYEujUBcml7MM0VLmJ7nvEURvRlMIMYDUtReXDs4sTlXfTwT3/A6emc8XbMOsZRYRCoVB/rEyMc//nE/Iz784Q+f5p/+6Z/2l1H9+OjXhuEnzA91aSwSI6dflYIvLa73li8CZ4m5O8bmS8/Vi/TuoQheVAVijbCWcE15+QoRVdnw4mkOeJ6IrtNmFMPlfvGrKk0MvgxK42cvSC0Kq25miBMD5eTGnumTEpmyqhgsJM4ZIqXpV8PLtYsUPZiAJ0TCnpvF2e7Ke0jJL1Iae8947CHErUW8i49qcaBPjGyrRWQwkI6fMD8wIMTI6VfdtFt7pMX13vJF4Cwxv93/UouC6uOZ+IbXsd8Z9zH+Oy/JD/7gD/7CL/xC74xPfepTKczpn/jEJxLD5z73OebNDPGUP7zxjW98I4VH1ZbO9EmJTFlVDBYS5wyR0vSr4eXrFCn+H3okcYqlFhVLwwYSVVtxIpI+Qpw/NEc1kg7xSnR4V8lWNCHgJ07D1fD+LRFT4hPFStsDHiqNh7vjMvd5d8gdyIYAXqyFotfwVZtAUb189+TTNlIMnOdOxFDXKQY7VBo/e0Ga/sg/aGawK6CcfB9h6ZMSmbKqGCwkzhkipelXw8tVixTf7v/HM/ENr8M7Y98rB30f5uMi0buuEbyoCqWf+cxn+jHRLwkXgK0fHP28CJ///OfP6xcp/da3vvV3f/d399/xXPjOd75TCdjyGC7Sw3ZoLboYlCaGt+958b/x9zzgJ07D1fD+LRFT4sT/zfu/WCOsJVxT7oUCUZUNL57mgOeJ6DptRjFc7he/qtLE8Hb/F/+V9//jmfiG19E7Y3dScIKIc9xFUrqv2qVM/6Ef+iH/S++PfOQjKRP75eGFQdm0flX88z//8+Nd8d3vxv/hH/6hVwhDcZPhWu9WiEWp+yCyjTH4OGsJKXnCI7+rtaebUHwiIA3aEXpxN2XiuRxeZBsXTQCGdOKGbwLCVhUphkqLqjNTnrjhPJASTnPVnSoFZ7MWMKQXH9IN6V18RrrVdZ0k6NoSE8OTn+d0IrscSntM1FVclzlSfo3AjISIlkSlUsr0IrQiQszATzmnGUV8MpwKlFKIRenb/b+oOjPliRvOAynhND+eiW94HX5n7NScLGVXBb8cL6XguMOnP/3pXhhf+MIX4tozf/azn+2F0S+PXh6l9OJf3/8HP7wq/uIv/uLrX/96Xd2+PMVwT71AiRTjxPi9/vtuCF9XZs6ld/3x0Z70IlQqZZhtuhLl3IkSBQfVOSPEs/qBBDZ/JKSLDM00NjAEvKjxLl5f7Lt4pU87ySamT0SuhheUZmCWBo+hUr3TP1AJzGHKQLm97zOf1zSoPu2WM9J+0t1IMwN+uW+S50w3YSlSNKqIX45jlMawlnFmipRexIsjed7ufwQ2fySkiwzNNDYwBLyo8S7+2+7/xzPxDa/DOyOc18AhIk52Yul5GcKXv/zlXg+f/OQnTUj/kR/5kftfMb760Y9+lML8t3/7t14Y3/nOd+judYa4tSBlFxUH1Uhi5N0IGdqPrT6kG6Xptrpq0aOELsLa76bHBwznBtK3sbv43hLpnIEhxCdmO9OQYScc+EeKJkPcE4d4Gor34hdKz5nB513LiRS9+BmRSudyFDj1pRGKNEiLKcUM0+e5xt2YgmgJPniGxNLI4gmG6XV1FNe4lx3Stwo+UfvE0p0kf4hXDTgx4Jf1hRTZpG0Gwa0FKdIiDqqRxMi7ETK00O7wofTe6bWHVYvuB7oIa7+bHh8wnBtI38bu4ntLpHMGhhCfmO1MQ4bzXuUfKZoMcbcB8TQU78UvlJ4zg8+7Fng8E9/wOs7fGSHeEXfcHfFDuk9/ngjuknz4wx/u3fCVr3xFFT7/+c8nfu5zn9uoSL8qvDC+9a1v5TnnhLvvva+HUojYyZTwxNdV2qjIGZnFU5lYBCUxZ3Cf5YmLCMS3SqleJV0ixGGesGnpUg8R+sTi0+SwRcVhpYGeuJYTUyIZzo9DUU0PkfNyXBOPmUi2KYEhPOlBqRivulFTQBqYjWIodWKr0uMTKdNNKCJKEYinJ/4r73/iEyyUbaM4i3pV8Qz8geHJ9nb/F58mhy0qDisN9MS1nJgSeTwT3/A6vDPOCxMPiaX3YT4uEh68ouHTn/701772tV4PcbYf+IEf8M8bP/ZjP1Zq8q//+q/vhWGV4mc+85k//MM/3HfeBCRsMxlwuoEgdWfjoh1KA7MhQWnzi/tuhMiWK24mfjleSiFnPJw7PCdTpPQiXhzJ056XUmCGYpwYb1SQ4k6SmXPpXb/M7+pFqFTKMNt0Jcq5EyUKDqpzRohn9QMJbP5ISBcZmmlsYAh4UeNdfO/PmPGnnZzbixfvqe+dYbiN7y3h7oI85/BgSNjlkDJHFhG2TUCCau0ZcPoGBunb/Y/vwFM4l971y/yuXoRKj2fiG15H74zz4EJnl+JwXafzuFNA6n/d/fGPf3yX4ZOf/GTvjHRdRv3DP/xDL4y/+7u/m/hXf/VX3iL/8i//8o1vfMMqRcSoCDEOpSLsXudBivF7j883WWTOkLgSnIYipIQpukJK+tLwgR54EhFjzwmhNB2/Wy8zMqzK3DnQTxgeTjOCF+cJHjQ4Z3GTS+1KGjbhHJKBR9Wcu/IoDaZtoaKraVrkxMRrsRtxS0SKKUUwDczcNoo5S88J9MGoGaR0CkgDczGRodTza1V6fCJluglFRClCjEOpCG/3P/N/1P3/eCa+4XV4Z4RdOWl44p4p2Ry36vXf0v7iL/p/jAGf//znU37mZ37G9cj29a9/3eshQvnOd75DgV4bn/3sZ+c/0Vq+fkqLmSvdlstz1y+kEyMhhWEic7H7rDjPMKUIODM+5Sq/LBHe1aUwW5ieyIak9HnpYiVbQnB60UV5SuP1FkP+lHVF9qAZpOeo88whvpmBAmYWt+04VC31iZjvYVdvVWb6vvbn958HCRH+RKVSyvQinB+hmIGfck4DhvDI3z8t7nyy6VItBtOGlDxEnOepcV3I/Cdqefogomm35fGhIJ0YCSkME5mLb/f/IK338Ux8w+vondE57uIFhxgm3gd74Un80Ic+1OvBP2ZM/9KXvpT4kz/5k65W8C8ZfmSAnx0n/uAP/uB8WAwudjAqYiFivDhP2E0TOIubXGpX0rAJ55AMPKrm3JVHaTBtCxXdkaZFTky8FrsRt0SkmFIE08DMbaOYs/SccLZco1/WKsYrqc5WvHqOT0cRKWGj8HMCjoTb8l7jQHkydJnOtA9ouLVcxFY5bwkbY9C1rUqDIdKRRAOlEHeq8Qz7REE1nB8TnkTEls4JofTcDDMyrMp8ftjB8HCaEbw4T3i7/1UDZzFeSXW24tVzfLrI45n4htex3xnB2b17oOcFKHYJKb0Yej188YtfjE9M+epXv3r6vSG+9a1vxUMz331n/Mmf/En6FmJDgv0gu4Ey40qlOGyUOGLs5Ti6KEULiX39mh8xasSEYXp4SO+HkvORxn/3d3/3j//4jzUSV716DtgMfUtH1kssdRqBP8SrBpwY8Mv6QopsUs/0u35xa0GK1IaLoBpJjLwbIUML7cINpfdOrz2sWvQQpIuw9rvp8QHDuYH0bewuvrdEOmdgCHiRJ0RKDVnVpVz18h33/5T5AyfEQ+Zads5F4vdqoUcczibElUpxODdTHDH2chxdlKKFxP+j93/cRyglrnr1HLAZ+pY+e4mlTiPwh3jVgBMDfllfSDHb45n4htfh38DhOs4bHd+T8sR9k3tnfO1rX+udoVrsl4d/AOcMif/yL//SW8H/dRCTe1x6VcA///M/f+Yzn+F3K+yGOFGv75iS2Kg/+7M/+/M///Ni+P3f/32G4C4MkQ3cR0uJJxa724rzDFOKgDPjU67yyxLhXV0Kv/d7v9fO8el52JCUPi9drGRLCE4vuihPabzeYsifsq6Ir5kqSM9R55lDfDMDBcwsbttxqFrqEzHfw67eqsz0JjyRwIOECH+iUillehHOj1DMwE8ZbssFhlN54s4n24aIwd6GlDxEnOepcV3I/Cdqefogomm35fGhIJ0YCSkME5mL//n3/2xheiIbkuJuwYuVbAnB6UUX5SmN11sM+VPWFXm6/x/PxDe8jv3OcIg7ZaQIDnqHXiz92Mc+1hvC7wyGj370o71FEu+mx8XwYsChUj87/K/B+83xG7/xG8RV8XcJ2MCv/dqv9ZL4zd/8zVVTvDMy9BF2rzAEvLiPENw3Ui0r+VCmTUSuhheUZmCWhsZaRe90Su+MP/qjP5oSmMOUgXJ732f2BDnnF592yxnxXNiXMKUI+OW+yb5s0qeNFZuwIfZwemyArbhz2E6UKNKzXdT7pG/sGpXeJUUbk67RZvBKqhC3XFyVCLoYZpuuRLG9SFCi4KA6Z4R4Vj+QwOaPhHSRoZnGBoaAFzXexf+a+/9JCcxhykC5ve8z/4ff/49n4hteh98Ze0x0oMXgrItxxL2lClK943flfddjMwMFzCy6isU4VC11gZnvYVdvVeb/90YTGEYCDxIi5iQqlVKmF+H8CMUM/JRzmlHEJ8OpQCmF2Lut3xnxnbxp6/Jx1hKcVXjkd7X2dBOKTwSkQTtCL1qIeC6HF9nGRROAIZ244ZuAsFVFiqHSourMlCduOA+khNNcdadKwdmsBTPMv8nMxTiycx6kesfvymPRED93SwEzi7ZUjEPV0qat9x529VZlprt8Jwk8SIjwJyqVUqYX4fwIxQz8lHOaUcQnw6lAKYVYlO7kTSNGfJy1BGcVHvldrT3dhOITAWnQjtCLFrrE//E//hdFB5nG4VWeKAAAAABJRU5ErkJggg==');
INSERT INTO `vacations` (`id`, `vac_destination`, `vac_desc`, `vac_price`, `vac_checkin`, `vac_checkout`, `vac_img`) VALUES
(40, 'strawberry field', 'forever', 90, '2019-07-05', '2019-07-18', 'data:image/jpeg;base64,/9j/4AAQSkZJRgABAQAAAQABAAD/2wCEAAkGBwgIEAkQCBAKCgkIBwsHCAYHCBsKCggWIB0iIiAdHx8kHiggJBolJx8TITEhJSkrLi4uGR8zODMsNygtLisBCgoKDg0NDg0NFSsZHxkrKysrKy0tLSsrKysrNzcrKy0rKzcrKysrKysrKysrKysrKysrKysrKysrKysrKysrLf/AABEIAGQAZAMBIgACEQEDEQH/xAAbAAABBQEBAAAAAAAAAAAAAAAAAgMEBQYBB//EAD0QAAIBAwEGAgcGAwgDAAAAAAECAwAEERIFEyExQVEiYQYUMkJScYEjkaGxwdEzYvEHFRZjcpLS4SRDU//EABkBAAMBAQEAAAAAAAAAAAAAAAABAgMFBP/EAB4RAAICAQUBAAAAAAAAAAAAAAABAhETAxIhMUFR/9oADAMBAAIRAxEAPwCNuq4YqsvV65uK7G85FFYYqBDmrI29C29PegogLBTogqwW3pYt6WRDorhFilCM1ZerV31apyIe0rtBo0mrL1agW1GRCpleImNKEJqzW2pYtqN6HtZV7k0Va+rUUsiFtYSRWy4xLC5PuodVIKIDjIZv5PF+VZpdrC2dAwCx9WaMN99aCCSK4ibGWTSzPj3fPhXPyyR0cMWPx24k9jS3+kjV91JaNI/bKg6uEedUjfTnWduprlA24fSsftwMulmHcEc/rTVrtKQ+JcyS6dIgf2m8we9PNIWCJqbgxW4TWcl/dVSrL8wcYqHNtWCL3ZCp5SNGdP5VV27xygNvEhIbxx3OY5I/v/SnDtfZ0JC2+p5ffmi8KqceQOfripepL6UtKPwnLtU6S5gkMfSRPF+nCnU2zbYXXHcR6vZ1Q6tX3VUbQ9J51SNXR44QrYabCtJ9Dkn8Kq7n0lnOnRHbbse9MD9p+I/CpesysMTbJeQOMqs5X4vVW/ahL60bOGPBtJ1IV0msRZ+kO0JCiq0Oh9Kszwjcx/MvnFP7S2ptazKK8cdu0jM0E8ttHJvFzzBC4x50ZycCNxHNC/sa3HxJGWp93tos794oiP8A1vIGk+4ZNee28u0LtyLrLlftru5uW/hjAIx8OOmKr7q+cySNatLJvHkYNK2qTHmepqZa78KWhH09PFzat7BkYctUdu5X8q7Xlj3F45JYzZPwOcV2pzSKwwE2u1AAFulZ006d+n8Rf0I/GpdhtmfZrgwZuLOb7Mwq+rSOuOx8jVHYJLIyKmgtJ9miu4VatRYPDIipG+0dTaWj2Zlo9Xw5A4464NbTlFPgSTrk0EF/syQpHIZBLc3O7Sf2dKnlkDNM3DRWrItrG4nbVmSWbdxw8+IP05+dVVtcX5w1tbQRRq6xTxOm91EceI5n6ZqBc201wWZnaeQapHjSHTbqO3A8OflWG5mlIv8AaO1bKRZoxCscksWr+8EIu9+ygHSDxwM9j+1VEN9eRqpgiVGm8IkiGm4kAPEjtzxkf1mz2U7Ipgf1dA2q6jic/Y8Mjl0xw86an2jLKY47eQ3EkfhjubvG7hXqE1DPHlUtgisne4mYKSsZl8JgdiuknnnUeFNsIrZhqCysviOk7xWrVXmyr+TW9xFDJnd4jZxHJBkZzxAHHlxzypI2Mgjd7mERaG0uzAqsZ7kjhg98Uux9FPYWLbQJVJbWBplWRI7uQLqx0z0PlVvdpcWkKW+0vVbpLR2mttzc/wDkwhuJHDOQc541VTWQDIojMbfxEkST2h3z25VLslhcfZy+r3I1b5rjw8OWAevLlinQWSZrVdsFW2cw0xWyx/3fcuPWVwMcvezw4j5VHXZklvrMySRSL4Yl0HTJnz6YrQWfotLdpGZUMd0NOZU/g3Cgnj2B5fOnoLjaVso9TeU20bLI9zejeR8DjCg8OX9aKCyutrNio3jJC3/zkjGojoeXbFFWf+NLUljPYb2QnxTqRpk8xw5UUWgpmevf7P723LSbCuYpYfZEc0m7b5dqh3Xo36Xxh96gdW8RW2mVVb6CliCHS6yesFGbeJFDeGOOFviC8qvhs/0gkihikK3diVVjJb3m6uWHPxZ4duGTW89KUe0YxmpdGGgudpWMkiuk0bhVkntnGqNgOGSORrW7BtrXa7TaZIrWSZI1mjLtBIx7joeHSkv6CPPvGdpIjvdMeqEcvPifwq62T6L3totnoFrpsWaQM5beTk9+FQo32W2U+1vR7aJk3OzrSSSC2l8V650rcn5npx71Ll9ENpBRI6wRhImka2WQSNGRjHE5H7VrRLfQLcPME3cCSSvHFMZOAGeAwKxM/wDaJtIltxa7yMOuVJaXh0GRScUmNMRLYbVtfWJNo+pYkRVjjliLTc+fAYzjl051ptnLsplRJXAeO1VjYXdy0dtIDg5APAjJx5Vm7X0t2ptIlNo2peyZftmhhKzQceYPf/ut3s/ZVlGq4EkynTJH685laHh0B5UqbfXBSarjsqZ7C8GPVbWCaMoscSxXeqHTkccE8D9egq02Z6L2qeK9WKQ6tUdosY3cHHvzP5VNLXMbpuDCLfSuuN0O8zk5xxx26VInZ5FAUtGGbSWQ6Wx5UttchfhN8I5YUezVJ6T3GzbGFTeJqVpdKQxLp1E8Tn96dWwd1aOSSeWNtSyRyvq1duPP8arf8NBnyzukI8O7Rt40nAY4EYH0zRy/B8fTInZ/rJd7QLuJJWaJdYwozy5VytrJ6KbKlwXjkdsY1mZuP40UbWTZi7jYV9H7okA96J6RbXe0dncBvFj1eKKVDpb9vpW5MQPOkNDnlyr25rVSVnnxVymVdveS7QiJh3aMVaN1Z9LRmnLaPaUYw7yFf8mYNw+RH61L3RU5UID8WnS1OAv2rJteFU/Ry1EgBDmSRWXitwA3THMH96SuzLAasQxJq5qiaV/Cuq7DowFLWQe9mpLO7OsLKxDLbII0ZtTqxMmr76nIU6YH+laiLIvl99KEinmQKKHZOUIaV4BywKgNIg58q4J1OOINKh2WAZemBStY6kVFjQtzGO1d3ZHalQWSNY8qKinWO1FFBZDDEigqflRqAzSc9/rpqiRQNKBFN9+9Olc/8qAOqqnvSt0vWhBjFLYg8KAEiJD3/wB1G5TtQDjnxA96las8qBnBEv0/maloET2QoPyoGfMfWgZ48uHekA6H+VdwTzptcntn2umql5fs2P5aAOiHPxUUCQddYPYoaKXIFY3DGM9qBRRVCOrTkag5BzjtXaKAHW5dKjliueviXnRRQgHhxGeurpSBwIxyxiiigBxhgNz5MedcyfCMnHbNFFAHVJ409C+faCnxcytFFJjQ4HX4E+mf3oooqRn/2Q=='),
(41, 'penny lane', 'penny lane', 200, '2018-06-13', '2020-06-13', 'data:image/jpeg;base64,/9j/4AAQSkZJRgABAQAAAQABAAD/2wCEAAkGBwgIEAkQCBAKCgkIBwsHCAYHCBsKCggWIB0iIiAdHx8kHiggJBolJx8TITEhJSkrLi4uGR8zODMsNygtLisBCgoKDg0NDg0NFSsZHxkrKysrKy0tLSsrKysrNzcrKy0rKzcrKysrKysrKysrKysrKysrKysrKysrKysrKysrLf/AABEIAGQAZAMBIgACEQEDEQH/xAAbAAABBQEBAAAAAAAAAAAAAAAAAgMEBQYBB//EAD0QAAIBAwEGAgcGAwgDAAAAAAECAwAEERIFEyExQVEiYQYUMkJScYEjkaGxwdEzYvEHFRZjcpLS4SRDU//EABkBAAMBAQEAAAAAAAAAAAAAAAABAgMFBP/EAB4RAAICAQUBAAAAAAAAAAAAAAABAhETAxIhMUFR/9oADAMBAAIRAxEAPwCNuq4YqsvV65uK7G85FFYYqBDmrI29C29PegogLBTogqwW3pYt6WRDorhFilCM1ZerV31apyIe0rtBo0mrL1agW1GRCpleImNKEJqzW2pYtqN6HtZV7k0Va+rUUsiFtYSRWy4xLC5PuodVIKIDjIZv5PF+VZpdrC2dAwCx9WaMN99aCCSK4ibGWTSzPj3fPhXPyyR0cMWPx24k9jS3+kjV91JaNI/bKg6uEedUjfTnWduprlA24fSsftwMulmHcEc/rTVrtKQ+JcyS6dIgf2m8we9PNIWCJqbgxW4TWcl/dVSrL8wcYqHNtWCL3ZCp5SNGdP5VV27xygNvEhIbxx3OY5I/v/SnDtfZ0JC2+p5ffmi8KqceQOfripepL6UtKPwnLtU6S5gkMfSRPF+nCnU2zbYXXHcR6vZ1Q6tX3VUbQ9J51SNXR44QrYabCtJ9Dkn8Kq7n0lnOnRHbbse9MD9p+I/CpesysMTbJeQOMqs5X4vVW/ahL60bOGPBtJ1IV0msRZ+kO0JCiq0Oh9Kszwjcx/MvnFP7S2ptazKK8cdu0jM0E8ttHJvFzzBC4x50ZycCNxHNC/sa3HxJGWp93tos794oiP8A1vIGk+4ZNee28u0LtyLrLlftru5uW/hjAIx8OOmKr7q+cySNatLJvHkYNK2qTHmepqZa78KWhH09PFzat7BkYctUdu5X8q7Xlj3F45JYzZPwOcV2pzSKwwE2u1AAFulZ006d+n8Rf0I/GpdhtmfZrgwZuLOb7Mwq+rSOuOx8jVHYJLIyKmgtJ9miu4VatRYPDIipG+0dTaWj2Zlo9Xw5A4464NbTlFPgSTrk0EF/syQpHIZBLc3O7Sf2dKnlkDNM3DRWrItrG4nbVmSWbdxw8+IP05+dVVtcX5w1tbQRRq6xTxOm91EceI5n6ZqBc201wWZnaeQapHjSHTbqO3A8OflWG5mlIv8AaO1bKRZoxCscksWr+8EIu9+ygHSDxwM9j+1VEN9eRqpgiVGm8IkiGm4kAPEjtzxkf1mz2U7Ipgf1dA2q6jic/Y8Mjl0xw86an2jLKY47eQ3EkfhjubvG7hXqE1DPHlUtgisne4mYKSsZl8JgdiuknnnUeFNsIrZhqCysviOk7xWrVXmyr+TW9xFDJnd4jZxHJBkZzxAHHlxzypI2Mgjd7mERaG0uzAqsZ7kjhg98Uux9FPYWLbQJVJbWBplWRI7uQLqx0z0PlVvdpcWkKW+0vVbpLR2mttzc/wDkwhuJHDOQc541VTWQDIojMbfxEkST2h3z25VLslhcfZy+r3I1b5rjw8OWAevLlinQWSZrVdsFW2cw0xWyx/3fcuPWVwMcvezw4j5VHXZklvrMySRSL4Yl0HTJnz6YrQWfotLdpGZUMd0NOZU/g3Cgnj2B5fOnoLjaVso9TeU20bLI9zejeR8DjCg8OX9aKCyutrNio3jJC3/zkjGojoeXbFFWf+NLUljPYb2QnxTqRpk8xw5UUWgpmevf7P723LSbCuYpYfZEc0m7b5dqh3Xo36Xxh96gdW8RW2mVVb6CliCHS6yesFGbeJFDeGOOFviC8qvhs/0gkihikK3diVVjJb3m6uWHPxZ4duGTW89KUe0YxmpdGGgudpWMkiuk0bhVkntnGqNgOGSORrW7BtrXa7TaZIrWSZI1mjLtBIx7joeHSkv6CPPvGdpIjvdMeqEcvPifwq62T6L3totnoFrpsWaQM5beTk9+FQo32W2U+1vR7aJk3OzrSSSC2l8V650rcn5npx71Ll9ENpBRI6wRhImka2WQSNGRjHE5H7VrRLfQLcPME3cCSSvHFMZOAGeAwKxM/wDaJtIltxa7yMOuVJaXh0GRScUmNMRLYbVtfWJNo+pYkRVjjliLTc+fAYzjl051ptnLsplRJXAeO1VjYXdy0dtIDg5APAjJx5Vm7X0t2ptIlNo2peyZftmhhKzQceYPf/ut3s/ZVlGq4EkynTJH685laHh0B5UqbfXBSarjsqZ7C8GPVbWCaMoscSxXeqHTkccE8D9egq02Z6L2qeK9WKQ6tUdosY3cHHvzP5VNLXMbpuDCLfSuuN0O8zk5xxx26VInZ5FAUtGGbSWQ6Wx5UttchfhN8I5YUezVJ6T3GzbGFTeJqVpdKQxLp1E8Tn96dWwd1aOSSeWNtSyRyvq1duPP8arf8NBnyzukI8O7Rt40nAY4EYH0zRy/B8fTInZ/rJd7QLuJJWaJdYwozy5VytrJ6KbKlwXjkdsY1mZuP40UbWTZi7jYV9H7okA96J6RbXe0dncBvFj1eKKVDpb9vpW5MQPOkNDnlyr25rVSVnnxVymVdveS7QiJh3aMVaN1Z9LRmnLaPaUYw7yFf8mYNw+RH61L3RU5UID8WnS1OAv2rJteFU/Ry1EgBDmSRWXitwA3THMH96SuzLAasQxJq5qiaV/Cuq7DowFLWQe9mpLO7OsLKxDLbII0ZtTqxMmr76nIU6YH+laiLIvl99KEinmQKKHZOUIaV4BywKgNIg58q4J1OOINKh2WAZemBStY6kVFjQtzGO1d3ZHalQWSNY8qKinWO1FFBZDDEigqflRqAzSc9/rpqiRQNKBFN9+9Olc/8qAOqqnvSt0vWhBjFLYg8KAEiJD3/wB1G5TtQDjnxA96las8qBnBEv0/maloET2QoPyoGfMfWgZ48uHekA6H+VdwTzptcntn2umql5fs2P5aAOiHPxUUCQddYPYoaKXIFY3DGM9qBRRVCOrTkag5BzjtXaKAHW5dKjliueviXnRRQgHhxGeurpSBwIxyxiiigBxhgNz5MedcyfCMnHbNFFAHVJ409C+faCnxcytFFJjQ4HX4E+mf3oooqRn/2Q==');

--
-- Indexes for dumped tables
--

--
-- Indexes for table `subscribers`
--
ALTER TABLE `subscribers`
  ADD PRIMARY KEY (`sid`),
  ADD KEY `uid` (`uid`),
  ADD KEY `vid` (`vid`);

--
-- Indexes for table `users`
--
ALTER TABLE `users`
  ADD PRIMARY KEY (`id`);

--
-- Indexes for table `vacations`
--
ALTER TABLE `vacations`
  ADD PRIMARY KEY (`id`);

--
-- AUTO_INCREMENT for dumped tables
--

--
-- AUTO_INCREMENT for table `subscribers`
--
ALTER TABLE `subscribers`
  MODIFY `sid` int(11) NOT NULL AUTO_INCREMENT, AUTO_INCREMENT=17;

--
-- AUTO_INCREMENT for table `users`
--
ALTER TABLE `users`
  MODIFY `id` int(11) NOT NULL AUTO_INCREMENT, AUTO_INCREMENT=32;

--
-- AUTO_INCREMENT for table `vacations`
--
ALTER TABLE `vacations`
  MODIFY `id` int(11) NOT NULL AUTO_INCREMENT, AUTO_INCREMENT=43;

--
-- Constraints for dumped tables
--

--
-- Constraints for table `subscribers`
--
ALTER TABLE `subscribers`
  ADD CONSTRAINT `subscribers_ibfk_1` FOREIGN KEY (`uid`) REFERENCES `users` (`id`) ON DELETE CASCADE,
  ADD CONSTRAINT `subscribers_ibfk_2` FOREIGN KEY (`vid`) REFERENCES `vacations` (`id`) ON DELETE CASCADE;
COMMIT;

/*!40101 SET CHARACTER_SET_CLIENT=@OLD_CHARACTER_SET_CLIENT */;
/*!40101 SET CHARACTER_SET_RESULTS=@OLD_CHARACTER_SET_RESULTS */;
/*!40101 SET COLLATION_CONNECTION=@OLD_COLLATION_CONNECTION */;
